frame,time_sec,student_id,avg_pitch,ratio_head_down,ratio_lean_forward,ratio_writing_like,pitch_delta_mean,pitch_delta_std,label_engaged
10,0.3,1,41.2121212121212,1.0,0.0,0.0,0.0,0.0,
10,0.3,5,0.0,0.0,0.0,0.0,0.0,0.0,
10,0.3,6,29.70872160548847,1.0,0.0,0.0,0.5746664235745346,0.5669677756131823,
10,0.3,9,0.0,0.0,0.0,0.0,0.0,0.0,
10,0.3,4,0.0,0.0,0.0,0.0,0.0,0.0,
10,0.3,10,0.0,0.0,0.0,0.0,0.0,0.0,
10,0.3,2,0.0,0.0,0.0,0.0,0.0,0.0,
10,0.3,12,0.0,0.0,0.0,0.0,0.0,0.0,
10,0.3,7,0.0,0.0,0.0,0.0,0.0,0.0,
20,0.63,1,41.13636363636364,1.0,0.3,0.3,0.0757575757575757,0.2331768982011714,1.0
20,0.63,6,31.383108618552647,1.0,0.3,0.3,0.5398750610176902,0.5348694314951351,0.0
20,0.63,9,0.0,0.0,0.0,0.0,0.0,0.0,
20,0.63,5,0.0,0.0,0.3,0.3,0.0,0.0,1.0
20,0.63,10,0.0,0.0,0.3,0.3,0.0,0.0,0.0
20,0.63,4,0.0,0.0,0.3,0.3,0.0,0.0,
20,0.63,2,0.0,0.0,0.0,0.0,0.0,0.0,1.0
20,0.63,12,0.0,0.0,0.0,0.0,0.0,0.0,
20,0.63,21,0.0,0.0,0.0,0.0,0.0,0.0,
20,0.63,7,0.0,0.0,0.0,0.0,0.0,0.0,
20,0.63,22,0.0,0.0,0.0,0.0,0.0,0.0,
30,0.97,1,41.16161616161616,1.0,0.5333333333333333,0.5333333333333333,0.0505050505050505,0.1922031300776231,1.0
30,0.97,5,0.0,0.0,0.5333333333333333,0.5333333333333333,0.0,0.0,1.0
30,0.97,9,0.0,0.0,0.0,0.0,0.0,0.0,
30,0.97,6,31.62348057353608,0.9666666666666668,0.5333333333333333,0.5333333333333333,1.8504090498263677,6.7302232363013,0.0
30,0.97,25,29.92424242424242,0.8333333333333334,0.0,0.0833333333333333,5.984848484848484,13.977594679263706,
30,0.97,10,0.0,0.0,0.5,0.5,0.0,0.0,0.0
30,0.97,2,0.0,0.0,0.0,0.0,0.0,0.0,1.0
30,0.97,4,0.0,0.0,0.5333333333333333,0.5333333333333333,0.0,0.0,1.0
30,0.97,12,0.0,0.0,0.0,0.0,0.0,0.0,
30,0.97,7,0.0,0.0,0.0,0.0,0.0,0.0,
30,0.97,22,0.0,0.0,0.0,0.0,0.0,0.0,
40,1.3,1,41.174242424242415,1.0,0.65,0.65,0.0378787878787878,0.1672132029266305,1.0
40,1.3,5,0.0,0.0,0.65,0.65,0.0,0.0,1.0
40,1.3,6,23.71761043015205,0.725,0.65,0.65,1.3878067873697757,5.860037065365064,0.0
40,1.3,9,0.0,0.0,0.0,0.0,0.0,0.0,
40,1.3,10,0.0,0.0,0.375,0.375,0.0,0.0,0.0
40,1.3,25,24.48347107438017,0.6818181818181818,0.0,0.2727272727272727,4.896694214876033,12.613071293596024,
40,1.3,31,22.573529411764703,0.0,0.0,0.0,0.3676470588235299,0.6807500733621711,
40,1.3,4,0.0,0.0,0.65,0.65,0.0,0.0,1.0
40,1.3,30,0.0,0.0,0.0,0.0,0.0,0.0,
40,1.3,2,0.0,0.0,0.0,0.0,0.0,0.0,1.0
40,1.3,12,0.0,0.0,0.0,0.0,0.0,0.0,
40,1.3,22,0.0,0.0,0.0,0.0,0.0,0.0,
50,1.63,1,41.18181818181817,1.0,0.72,0.72,0.0303030303030303,0.1499611088804223,1.0
50,1.63,5,0.0,0.0,0.72,0.72,0.0,0.0,1.0
50,1.63,6,18.97408834412164,0.58,0.72,0.72,1.1102454298958204,5.257976260267319,0.0
50,1.63,25,21.653606971444702,0.59375,0.0,0.3125,4.597344619666048,12.171373573141684,
50,1.63,9,0.0,0.0,0.0,0.0,0.0,0.0,
50,1.63,10,0.0,0.0,0.42,0.42,0.0,0.0,0.0
50,1.63,4,0.0,0.0,0.72,0.72,0.0,0.0,1.0
50,1.63,2,0.0,0.0,0.12,0.12,0.0,0.0,1.0
50,1.63,30,0.0,0.0,0.0,0.0,0.0,0.0,
50,1.63,12,0.0,0.0,0.0,0.0,0.0,0.0,
50,1.63,22,0.0,0.0,0.0,0.0,0.0,0.0,
60,1.97,1,41.16472416472416,1.0,0.7666666666666667,0.7666666666666667,0.0326340326340325,0.1472974159610359,1.0
60,1.97,6,15.811740286768034,0.4833333333333333,0.7666666666666667,0.7666666666666667,0.9252045249131836,4.809844150331548,0.0
60,1.97,25,25.85039151177128,0.6904761904761905,0.0,0.4761904761904761,3.5807270960332183,10.743781005977638,
60,1.97,9,0.0,0.0,0.0,0.0,0.0,0.0,
60,1.97,10,0.0,0.0,0.5166666666666667,0.5166666666666667,0.0,0.0,0.0
60,1.97,2,0.0,0.0,0.2666666666666666,0.2666666666666666,0.0,0.0,1.0
60,1.97,4,0.0,0.0,0.7666666666666667,0.7666666666666667,0.0,0.0,1.0
60,1.97,30,0.0,0.0,0.0,0.0,0.0,0.0,
60,1.97,12,0.0,0.0,0.0166666666666666,0.0166666666666666,0.0,0.0,
60,1.97,22,0.0,0.0,0.0,0.0,0.0,0.0,
70,2.3,1,41.08784965034963,1.0,0.8,0.8,0.0801490176490175,0.2172855946013134,1.0
70,2.3,2,0.0,0.0,0.3714285714285714,0.3714285714285714,0.0,0.0,1.0
70,2.3,25,28.56308979201288,0.75,0.0,0.5769230769230769,2.964985644607494,9.718606703335013,
70,2.3,9,0.0,0.0,0.0,0.0,0.0,0.0,
70,2.3,3,0.0,0.0,1.0,1.0,0.0,0.0,1.0
70,2.3,10,0.0,0.0,0.5857142857142857,0.5857142857142857,0.0,0.0,0.0
70,2.3,30,0.0,0.0,0.0,0.0,0.0,0.0,
70,2.3,4,0.0,0.0,0.8,0.8,0.0,0.0,1.0
70,2.3,12,0.0,0.0,0.1571428571428571,0.1571428571428571,0.0,0.0,0.0
70,2.3,22,0.0,0.0,0.0,0.0,0.0,0.0,
80,2.63,1,40.97492229992229,1.0,0.88,0.88,0.0849067599067598,0.2248303800165277,1.0
80,2.63,2,0.0,0.0,0.3866666666666666,0.3866666666666666,0.0,0.0,0.0
80,2.63,25,30.501169748198222,0.7903225806451613,0.0,0.6451612903225806,2.5053725753779976,8.949452818493581,
80,2.63,9,0.0,0.0,0.0,0.0,0.0,0.0,
80,2.63,3,0.0,0.0,0.7142857142857143,0.7142857142857143,0.0,0.0,
80,2.63,30,0.0,0.0,0.0,0.0,0.0,0.0,
80,2.63,10,0.0,0.0,0.68,0.68,0.0,0.0,0.0
80,2.63,4,0.0,0.0,0.88,0.88,0.0,0.0,1.0
80,2.63,12,0.0,0.0,0.28,0.28,0.0,0.0,0.0
80,2.63,22,0.0,0.0,0.0,0.0,0.0,0.0,
90,2.97,1,40.89114219114219,1.0,1.0,1.0,0.0850912975912976,0.2166064986603742,1.0
90,2.97,2,0.0,0.0,0.3866666666666666,0.3866666666666666,0.0,0.0,0.0
90,2.97,6,13.17645023897336,0.4027777777777778,0.7916666666666666,0.7916666666666666,0.7710037707609865,4.398305497026686,0.0
90,2.97,9,0.0,0.0,0.0,0.0,0.0,0.0,
90,2.97,25,30.83754574470916,0.7916666666666666,0.0,0.6666666666666666,2.728985358712249,9.518145305234798,
90,2.97,30,0.0,0.0,0.0,0.0,0.0,0.0,
90,2.97,10,0.0,0.0,0.8,0.8,0.0,0.0,0.0
90,2.97,4,0.0,0.0,1.0,1.0,0.0,0.0,1.0
90,2.97,12,0.0,0.0,0.4133333333333333,0.4133333333333333,0.0,0.0,0.0
90,2.97,22,0.0,0.0,0.0,0.0,0.0,0.0,
100,3.3,1,40.77119269619269,1.0,1.0,1.0,0.0850912975912976,0.2166064986603742,1.0
100,3.3,2,0.0,0.0,0.3866666666666666,0.3866666666666666,0.0,0.0,
100,3.3,6,9.909787119077611,0.2933333333333333,0.76,0.76,0.6915960628264044,4.312883620223244,0.0
100,3.3,42,0.0,0.0,1.0,1.0,0.0,0.0,
100,3.3,25,26.78586209673897,0.68,0.0,0.6533333333333333,2.6743713989092144,9.545466522398174,
100,3.3,9,0.0,0.0,0.0,0.0,0.0,0.0,
100,3.3,30,0.0,0.0,0.0,0.0,0.0,0.0,
100,3.3,10,0.0,0.0,0.8,0.8,0.0,0.0,0.0
100,3.3,4,0.0,0.0,1.0,1.0,0.0,0.0,1.0
100,3.3,12,0.0,0.0,0.5466666666666666,0.5466666666666666,0.0,0.0,0.0
100,3.3,22,0.0,0.0,0.0,0.0,0.0,0.0,
110,3.63,1,40.663422688422685,1.0,1.0,1.0,0.0972707847707849,0.2242882138398815,1.0
110,3.63,2,0.0,0.0,0.3866666666666666,0.3866666666666666,0.0,0.0,1.0
110,3.63,6,5.633317915510329,0.16,0.72,0.72,0.6267756192825568,4.3160795150783775,0.0
110,3.63,42,0.0,0.0,0.7142857142857143,0.7142857142857143,0.0,0.0,
110,3.63,9,0.0,0.0,0.0,0.0,0.0,0.0,
110,3.63,25,28.12783058373851,0.7066666666666667,0.0,0.7066666666666667,1.751578250029109,7.774350250126953,
110,3.63,30,0.0,0.0,0.0,0.0,0.0,0.0,
110,3.63,31,17.971952087286525,0.5,0.0,0.5,4.191413662239088,8.360720000748813,1.0
110,3.63,10,0.0,0.0,0.88,0.88,0.0,0.0,0.0
110,3.63,12,0.0,0.0,0.6,0.6,0.0,0.0,0.0
110,3.63,4,0.0,0.0,1.0,1.0,0.0,0.0,1.0
120,3.97,1,40.54347319347318,1.0,1.0,1.0,0.0972707847707849,0.2242882138398815,1.0
120,3.97,6,0.98743961352657,0.0266666666666666,0.6,0.6,0.5082125603864732,4.317255979286386,0.0
120,3.97,9,0.0,0.0,0.0,0.0,0.0,0.0,
120,3.97,31,18.84441773043528,0.6,0.0,0.6,3.846880929791271,8.113840847561548,1.0
120,3.97,30,0.0,0.0,0.0,0.0,0.0,0.0,
120,3.97,10,0.0,0.0,0.9866666666666668,0.9866666666666668,0.0,0.0,0.0
120,3.97,12,0.0,0.0,0.6,0.6,0.0,0.0,0.0
120,3.97,41,0.0,0.0,0.1428571428571428,0.1428571428571428,0.0,0.0,
120,3.97,4,0.0,0.0,1.0,1.0,0.0,0.0,1.0
130,4.3,55,36.67184800150016,0.9166666666666666,0.8333333333333334,0.0,4.721238741071444,12.08030846455826,
130,4.3,1,40.44788267288268,1.0,1.0,1.0,0.1033605283605285,0.2277846752841238,1.0
130,4.3,6,0.0,0.0,0.6,0.6,0.0,0.0,0.0
130,4.3,9,0.0,0.0,0.0,0.0,0.0,0.0,
130,4.3,31,19.557848108696067,0.6666666666666666,0.0,0.6666666666666666,3.231775774826059,7.52576345899373,1.0
130,4.3,10,0.0,0.0,0.8533333333333334,0.8533333333333334,0.0,0.0,0.0
130,4.3,30,0.0,0.0,0.0,0.0,0.0,0.0,
130,4.3,4,0.0,0.0,1.0,1.0,0.0,0.0,1.0
130,4.3,41,0.0,0.0,0.6470588235294118,0.6470588235294118,0.0,0.0,0.0
140,4.63,55,37.6587139796849,0.9545454545454546,0.6363636363636364,0.2727272727272727,2.832063955058606,9.000934540509693,
140,4.63,1,40.42998251748252,1.0,1.0,1.0,0.0871989121989125,0.2106189954830933,1.0
140,4.63,6,0.0,0.0,0.6,0.6,0.0,0.0,0.0
140,4.63,9,0.0,0.0,0.0,0.0,0.0,0.0,
140,4.63,64,0.0,0.0,0.0,0.0,0.0,0.0,0.0
140,4.63,10,0.0,0.0,0.72,0.72,0.0,0.0,0.0
140,4.63,30,0.0,0.0,0.0,0.0,0.0,0.0,
140,4.63,31,17.7549412360252,0.6142857142857143,0.0,0.6142857142857143,3.100450664136622,7.450437517427969,1.0
140,4.63,4,0.0,0.0,0.92,0.92,0.0,0.0,1.0
140,4.63,41,0.0,0.0,0.5555555555555556,0.5555555555555556,0.0,0.0,0.0
150,4.97,55,36.51198083040455,0.96875,0.4375,0.5,2.069170141285686,7.498471780903834,
150,4.97,1,40.4090811965812,1.0,1.0,1.0,0.0792055167055173,0.1893724459653542,1.0
150,4.97,6,0.0,0.0,0.5866666666666667,0.5866666666666667,0.0,0.0,
150,4.97,9,0.0,0.0,0.0,0.0,0.0,0.0,
150,4.97,62,0.0,0.0,0.125,0.125,0.0,0.0,
150,4.97,64,0.0,0.0,0.0,0.0,0.0,0.0,
150,4.97,30,0.0,0.0,0.0,0.0,0.0,0.0,
150,4.97,10,0.0,0.0,0.5866666666666667,0.5866666666666667,0.0,0.0,0.0
150,4.97,31,15.081082408525484,0.5733333333333334,0.0,0.5733333333333334,2.8545382669196706,7.248078509596401,
150,4.97,4,0.0,0.0,0.7866666666666666,0.7866666666666666,0.0,0.0,1.0
150,4.97,41,0.0,0.0,0.4324324324324324,0.4324324324324324,0.0,0.0,0.0
160,5.3,55,35.411607153745365,0.9761904761904762,0.3333333333333333,0.6190476190476191,1.6557064412841702,6.565657178698863,
160,5.3,1,40.42820512820513,1.0,1.0,1.0,0.0548076923076928,0.1494194045094121,1.0
160,5.3,74,40.326797385620914,1.0,0.0,0.0,0.1307189542483655,0.259387383437704,
160,5.3,72,0.0,0.0,0.0,0.0,0.0,0.0,
160,5.3,6,0.0,0.0,0.5066666666666667,0.5066666666666667,0.0,0.0,
160,5.3,30,0.0,0.0,0.0,0.0,0.0,0.0,
160,5.3,10,0.0,0.0,0.4533333333333333,0.4533333333333333,0.0,0.0,0.0
160,5.3,4,0.0,0.0,0.6533333333333333,0.6533333333333333,0.0,0.0,1.0
160,5.3,41,0.0,0.0,0.5531914893617021,0.5531914893617021,0.0,0.0,0.0
170,5.63,55,34.79216357307898,0.9807692307692308,0.2692307692307692,0.6923076923076923,1.4124158058691778,5.910420264689675,
170,5.63,1,40.45077330077329,1.0,1.0,1.0,0.0773758648758656,0.1707758202420537,1.0
170,5.63,72,0.0,0.0,0.3,0.3,0.0,0.0,
170,5.63,74,36.98230045130756,0.9473684210526316,0.0,0.2631578947368421,2.1671826625386994,8.177618368466677,1.0
170,5.63,6,0.0,0.0,0.3733333333333333,0.3733333333333333,0.0,0.0,0.0
170,5.63,10,0.0,0.0,0.4,0.4,0.0,0.0,0.0
170,5.63,30,0.0,0.0,0.0,0.0,0.0,0.0,
170,5.63,41,0.0,0.0,0.631578947368421,0.631578947368421,0.0,0.0,0.0
170,5.63,4,0.0,0.0,0.52,0.52,0.0,0.0,1.0
170,5.63,7,0.0,0.0,0.0,0.0,0.0,0.0,
180,5.97,1,40.51075059187414,1.0,1.0,1.0,0.1080422713487235,0.2067798963328382,1.0
180,5.97,55,34.1375869792341,0.9833333333333332,0.25,0.7333333333333333,1.3299979000176696,5.500495889920516,
180,5.97,72,0.0,0.0,0.5333333333333333,0.5333333333333333,0.0,0.0,
180,5.97,6,0.0,0.0,0.3466666666666667,0.3466666666666667,0.0,0.0,0.0
180,5.97,74,32.7321627916486,0.8620689655172413,0.0,0.4137931034482758,2.7687779930810263,9.185935243523728,1.0
180,5.97,10,0.0,0.0,0.3866666666666666,0.3866666666666666,0.0,0.0,0.0
180,5.97,30,0.0,0.0,0.0,0.0,0.0,0.0,
180,5.97,41,0.0,0.0,0.6716417910447762,0.6716417910447762,0.0,0.0,
180,5.97,4,0.0,0.0,0.4,0.4,0.0,0.0,1.0
180,5.97,7,0.0,0.0,0.0,0.0,0.0,0.0,
190,6.3,1,40.53979099591455,1.0,1.0,1.0,0.1282442915507438,0.2311521846356276,1.0
190,6.3,72,0.0,0.0,0.65,0.65,0.0,0.0,
190,6.3,6,0.0,0.0,0.3466666666666667,0.3466666666666667,0.0,0.0,0.0
190,6.3,10,0.0,0.0,0.2533333333333333,0.2533333333333333,0.0,0.0,0.0
190,6.3,30,0.0,0.0,0.0,0.0,0.0,0.0,
190,6.3,74,25.218421416500608,0.6666666666666666,0.0,0.3333333333333333,2.937955797052924,9.49220678927502,1.0
190,6.3,4,0.0,0.0,0.4,0.4,0.0,0.0,1.0
190,6.3,41,0.0,0.0,0.6,0.6,0.0,0.0,1.0
190,6.3,7,0.0,0.0,0.0,0.0,0.0,0.0,
200,6.63,1,40.54256877369233,1.0,1.0,1.0,0.1444059077123598,0.2439529781583818,1.0
200,6.63,55,33.06549268164068,0.9864864864864864,0.3918918918918919,0.7837837837837838,1.1424700243578192,4.964018905403668,
200,6.63,72,0.0,0.0,0.6,0.6,0.0,0.0,
200,6.63,6,0.0,0.0,0.3466666666666667,0.3466666666666667,0.0,0.0,0.0
200,6.63,74,20.07180480088824,0.5306122448979592,0.0,0.2653061224489796,2.3383729813278378,8.53006444670271,1.0
200,6.63,107,0.0,0.0,0.0,0.0,0.0,0.0,
200,6.63,10,0.0,0.0,0.28,0.28,0.0,0.0,0.0
200,6.63,4,0.0,0.0,0.4,0.4,0.0,0.0,
200,6.63,41,0.0,0.0,0.6,0.6,0.0,0.0,0.0
200,6.63,7,0.0,0.0,0.0,0.0,0.0,0.0,
200,6.63,93,0.0,0.0,0.0,0.0,0.0,0.0,
210,6.97,1,40.49353031215388,1.0,1.0,1.0,0.1303033436097954,0.2372810864822451,1.0
210,6.97,72,0.0,0.0,0.5166666666666667,0.5166666666666667,0.0,0.0,
210,6.97,55,31.94316820710524,1.0,0.4133333333333333,0.9066666666666666,0.4291618631778147,0.4094099681656406,
210,6.97,6,0.0,0.0,0.2533333333333333,0.2533333333333333,0.0,0.0,0.0
210,6.97,10,0.0,0.0,0.4,0.4,0.0,0.0,0.0
210,6.97,107,0.0,0.0,0.0588235294117647,0.0588235294117647,0.0,0.0,
210,6.97,74,16.669803987178366,0.4406779661016949,0.0169491525423728,0.2372881355932203,1.9420385777129496,7.810236518675103,
210,6.97,4,0.0,0.0,0.4133333333333333,0.4133333333333333,0.0,0.0,
210,6.97,41,0.0,0.0,0.6133333333333333,0.6133333333333333,0.0,0.0,0.0
210,6.97,7,0.0,0.0,0.0,0.0,0.0,0.0,
210,6.97,93,0.0,0.0,0.0,0.0,0.0,0.0,
220,7.3,1,40.608409295178014,1.0,1.0,1.0,0.200737389850293,0.3657468124724191,1.0
220,7.3,72,0.0,0.0,0.5857142857142857,0.5857142857142857,0.0,0.0,
220,7.3,55,30.010041169884957,1.0,0.32,1.0,0.4309188762555827,0.442884272871004,
220,7.3,6,0.0,0.0,0.2533333333333333,0.2533333333333333,0.0,0.0,0.0
220,7.3,107,0.0,0.0,0.4074074074074074,0.4074074074074074,0.0,0.0,
220,7.3,10,0.0,0.0,0.4,0.4,0.0,0.0,
220,7.3,4,0.0,0.0,0.5466666666666666,0.5466666666666666,0.0,0.0,
220,7.3,41,0.0,0.0,0.7466666666666667,0.7466666666666667,0.0,0.0,0.0
220,7.3,7,0.0,0.0,0.0,0.0,0.0,0.0,
220,7.3,93,0.0,0.0,0.0,0.0,0.0,0.0,
220,7.3,74,14.253890365848168,0.3768115942028985,0.1594202898550724,0.3478260869565217,1.6605837113777395,7.245929137021021,
220,7.3,127,0.0,0.0,0.0,0.0,0.0,0.0,
230,7.63,1,40.80607737190667,1.0,1.0,1.0,0.2434239126729004,0.3830124873711284,1.0
230,7.63,72,0.0,0.0,0.68,0.68,0.0,0.0,
230,7.63,6,0.0,0.0,0.28,0.28,0.0,0.0,0.0
230,7.63,10,0.0,0.0,0.4,0.4,0.0,0.0,
230,7.63,55,25.987955878899346,0.8933333333333333,0.4,0.9733333333333334,0.6999276305734691,2.850033601440765,
230,7.63,4,0.0,0.0,0.6,0.6,0.0,0.0,
230,7.63,41,0.0,0.0,0.8,0.8,0.0,0.0,0.0
230,7.63,7,0.0,0.0,0.0,0.0,0.0,0.0,
230,7.63,74,10.956716391482276,0.2933333333333333,0.2,0.3733333333333333,1.5198938772126185,6.962161797788466,
230,7.63,93,0.0,0.0,0.1538461538461538,0.1538461538461538,0.0,0.0,
230,7.63,127,0.0,0.0,0.3333333333333333,0.3333333333333333,0.0,0.0,
230,7.63,133,0.0,0.0,0.0,0.0,0.0,0.0,
240,7.97,1,40.8536880945174,1.0,1.0,1.0,0.2310598878088753,0.3831947235644766,1.0
240,7.97,157,33.147534583593284,1.0,0.0,0.1111111111111111,0.1302195746640188,0.2305393780946753,
240,7.97,72,0.0,0.0,0.8,0.8,0.0,0.0,
240,7.97,6,0.0,0.0,0.4133333333333333,0.4133333333333333,0.0,0.0,0.0
240,7.97,152,0.0,0.0,0.0,0.0,0.0,0.0,
240,7.97,158,0.0,0.0,0.0,0.0,0.0,0.0,
240,7.97,10,0.0,0.0,0.3866666666666666,0.3866666666666666,0.0,0.0,
240,7.97,4,0.0,0.0,0.6133333333333333,0.6133333333333333,0.0,0.0,
240,7.97,41,0.0,0.0,0.8,0.8,0.0,0.0,0.0
240,7.97,7,0.0,0.0,0.0,0.0,0.0,0.0,
240,7.97,156,0.0,0.0,0.0,0.0,0.0,0.0,
240,7.97,127,0.0,0.0,0.5714285714285714,0.5714285714285714,0.0,0.0,
240,7.97,133,0.0,0.0,0.0,0.0,0.0,0.0,
250,8.3,1,40.90745523538131,1.0,1.0,1.0,0.2245424804850162,0.3815739085293765,1.0
250,8.3,157,32.51300618086061,1.0,0.0,0.5789473684210527,0.3083746891796426,0.4790268404734655,
250,8.3,72,0.0,0.0,0.8,0.8,0.0,0.0,
250,8.3,6,0.0,0.0,0.5466666666666666,0.5466666666666666,0.0,0.0,0.0
250,8.3,152,0.0,0.0,0.0,0.0,0.0,0.0,
250,8.3,164,4.897959183673469,0.1428571428571428,0.0,0.1428571428571428,4.897959183673469,12.450394957758215,
250,8.3,158,0.0,0.0,0.0,0.0,0.0,0.0,
250,8.3,10,0.0,0.0,0.2533333333333333,0.2533333333333333,0.0,0.0,
250,8.3,41,0.0,0.0,0.8,0.8,0.0,0.0,0.0
250,8.3,4,0.0,0.0,0.7466666666666667,0.7466666666666667,0.0,0.0,
250,8.3,7,0.0,0.0,0.0,0.0,0.0,0.0,
250,8.3,156,0.0,0.0,0.0,0.0,0.0,0.0,
250,8.3,127,0.0,0.0,0.6842105263157895,0.6842105263157895,0.0,0.0,
250,8.3,133,0.0,0.0,0.0,0.0,0.0,0.0,
260,8.63,1,40.9141107738165,1.0,1.0,1.0,0.1976194035619392,0.3714610685867783,1.0
260,8.63,157,31.11701455558856,1.0,0.2068965517241379,0.7241379310344828,0.2854629406353541,0.4453471527469688,
260,8.63,6,0.0,0.0,0.68,0.68,0.0,0.0,0.0
260,8.63,72,0.0,0.0,0.8,0.8,0.0,0.0,
260,8.63,152,0.0,0.0,0.0,0.0,0.0,0.0,
260,8.63,164,2.8571428571428563,0.0833333333333333,0.0,0.0833333333333333,2.8571428571428563,9.679880615541938,
260,8.63,10,0.0,0.0,0.2,0.2,0.0,0.0,0.0
260,8.63,4,0.0,0.0,0.8,0.8,0.0,0.0,
260,8.63,41,0.0,0.0,0.8,0.8,0.0,0.0,1.0
260,8.63,7,0.0,0.0,0.0,0.0,0.0,0.0,
260,8.63,93,0.0,0.0,0.1875,0.1875,0.0,0.0,
260,8.63,156,0.0,0.0,0.1875,0.1875,0.0,0.0,
260,8.63,127,0.0,0.0,0.625,0.625,0.0,0.0,
260,8.63,133,0.0,0.0,0.1363636363636363,0.1363636363636363,0.0,0.0,
270,8.97,1,41.06698277743478,1.0,1.0,1.0,0.1831463144619845,0.3613199227306676,1.0
270,8.97,157,29.99572968700809,1.0,0.4102564102564102,0.7948717948717948,0.3394169151540054,0.4628891235262692,
270,8.97,72,0.0,0.0,0.8133333333333334,0.8133333333333334,0.0,0.0,
270,8.97,6,0.0,0.0,0.8133333333333334,0.8133333333333334,0.0,0.0,0.0
270,8.97,164,6.415783704786261,0.1764705882352941,0.0,0.1764705882352941,3.1165509682133714,10.178545158770024,
270,8.97,152,0.0,0.0,0.0,0.0,0.0,0.0,
270,8.97,10,0.0,0.0,0.2,0.2,0.0,0.0,0.0
270,8.97,41,0.0,0.0,0.7866666666666666,0.7866666666666666,0.0,0.0,1.0
270,8.97,4,0.0,0.0,0.8,0.8,0.0,0.0,
270,8.97,7,0.0,0.0,0.0,0.0,0.0,0.0,
270,8.97,156,0.0,0.0,0.3571428571428571,0.3571428571428571,0.0,0.0,
270,8.97,127,0.0,0.0,0.5172413793103449,0.5172413793103449,0.0,0.0,
270,8.97,133,0.0,0.0,0.2777777777777778,0.2777777777777778,0.0,0.0,
280,9.3,1,41.25331249249584,1.0,1.0,1.0,0.172919041734712,0.3607369502488626,1.0
280,9.3,157,29.693044086698173,1.0,0.5306122448979592,0.8367346938775511,0.3337388106120758,0.4536791606190437,
280,9.3,6,0.0,0.0,0.9466666666666668,0.9466666666666668,0.0,0.0,0.0
280,9.3,72,0.0,0.0,0.9466666666666668,0.9466666666666668,0.0,0.0,
280,9.3,167,38.02170888118092,1.0,1.0,1.0,0.4050778414132459,0.4788042361797898,
280,9.3,164,11.756070016939582,0.3181818181818182,0.0,0.3181818181818182,3.258046301524561,10.432714198894626,1.0
280,9.3,107,0.0,0.0,0.3658536585365853,0.3658536585365853,0.0,0.0,
280,9.3,10,0.0,0.0,0.2,0.2,0.0,0.0,0.0
280,9.3,41,0.0,0.0,0.6533333333333333,0.6533333333333333,0.0,0.0,
280,9.3,4,0.0,0.0,0.8,0.8,0.0,0.0,
280,9.3,7,0.0,0.0,0.0,0.0,0.0,0.0,
280,9.3,156,0.0,0.0,0.2884615384615384,0.2884615384615384,0.0,0.0,
280,9.3,93,0.0,0.0,0.140625,0.140625,0.0,0.0,
280,9.3,127,0.0,0.0,0.4411764705882353,0.4411764705882353,0.0,0.0,
280,9.3,133,0.0,0.0,0.234375,0.234375,0.0,0.0,
290,9.63,1,41.39574636325784,1.0,1.0,1.0,0.1290570345662533,0.3000177641122137,1.0
290,9.63,6,0.0,0.0,1.0,1.0,0.0,0.0,0.0
290,9.63,157,30.180421192797912,1.0,0.6101694915254238,0.864406779661017,0.3788678257625714,0.4766221969485263,
290,9.63,72,0.0,0.0,1.0,1.0,0.0,0.0,
290,9.63,152,0.0,0.0,0.0,0.0,0.0,0.0,
290,9.63,164,9.57902001380262,0.2592592592592592,0.0,0.2592592592592592,2.654704393834828,9.483528020791107,1.0
290,9.63,167,29.99885933104655,0.8095238095238095,0.7142857142857143,0.8095238095238095,5.240774777820031,12.159746168748512,1.0
290,9.63,10,0.0,0.0,0.28,0.28,0.0,0.0,0.0
290,9.63,41,0.0,0.0,0.56,0.56,0.0,0.0,1.0
290,9.63,4,0.0,0.0,0.8,0.8,0.0,0.0,
290,9.63,156,0.0,0.0,0.2419354838709677,0.2419354838709677,0.0,0.0,
290,9.63,127,0.0,0.0,0.4,0.4,0.0,0.0,
300,9.97,157,31.31873897001736,1.0,0.6666666666666666,0.8840579710144928,0.3937345124347938,0.4639389300122663,
300,9.97,1,41.3841923574913,1.0,1.0,1.0,0.0571906851318615,0.1473723177472767,1.0
300,9.97,72,0.0,0.0,0.9866666666666668,0.9866666666666668,0.0,0.0,
300,9.97,176,38.9405314133394,1.0,0.0,0.0833333333333333,0.223828277749846,0.2973817456469967,
300,9.97,164,13.214873894221718,0.359375,0.0,0.359375,2.812823498964803,9.702650557882322,1.0
300,9.97,152,0.0,0.0,0.0,0.0,0.0,0.0,
300,9.97,10,0.0,0.0,0.4133333333333333,0.4133333333333333,0.0,0.0,0.0
300,9.97,41,0.0,0.0,0.4266666666666667,0.4266666666666667,0.0,0.0,1.0
300,9.97,4,0.0,0.0,0.8,0.8,0.0,0.0,
300,9.97,156,0.0,0.0,0.2083333333333333,0.2083333333333333,0.0,0.0,
300,9.97,127,0.0,0.0,0.3866666666666666,0.3866666666666666,0.0,0.0,
310,10.3,1,41.38729183337392,1.0,1.0,1.0,0.0568935965994788,0.1584655033850895,1.0
310,10.3,72,0.0,0.0,0.8533333333333334,0.8533333333333334,0.0,0.0,
310,10.3,152,0.0,0.0,0.0,0.0,0.0,0.0,
310,10.3,164,13.94572720659677,0.3783783783783784,0.0,0.3783783783783784,2.967377315203401,9.921173620942914,1.0
310,10.3,10,0.0,0.0,0.5466666666666666,0.5466666666666666,0.0,0.0,
310,10.3,41,0.0,0.0,0.2933333333333333,0.2933333333333333,0.0,0.0,1.0
310,10.3,4,0.0,0.0,0.8,0.8,0.0,0.0,
310,10.3,7,0.0,0.0,0.12,0.12,0.0,0.0,
310,10.3,93,0.0,0.0,0.12,0.12,0.0,0.0,1.0
310,10.3,127,0.0,0.0,0.2533333333333333,0.2533333333333333,0.0,0.0,
320,10.63,1,41.46138285672965,1.0,1.0,1.0,0.0388089035147857,0.1362968593653262,1.0
320,10.63,72,0.0,0.0,0.8,0.8,0.0,0.0,
320,10.63,164,15.753798858146684,0.4266666666666667,0.0,0.4266666666666667,2.517786561264821,9.227795954487297,1.0
320,10.63,152,0.0,0.0,0.0,0.0,0.0,0.0,
320,10.63,176,34.726992376483054,0.9090909090909092,0.0,0.4090909090909091,3.5054414928364497,10.59730162635413,
320,10.63,10,0.0,0.0,0.6,0.6,0.0,0.0,
320,10.63,41,0.0,0.0,0.24,0.24,0.0,0.0,0.0
320,10.63,188,0.0,0.0,0.0,0.0,0.0,0.0,1.0
320,10.63,4,0.0,0.0,0.8266666666666667,0.8266666666666667,0.0,0.0,
320,10.63,93,0.0,0.0,0.12,0.12,0.0,0.0,
320,10.63,189,0.0,0.0,0.0,0.0,0.0,0.0,
320,10.63,127,0.0,0.0,0.12,0.12,0.0,0.0,
330,10.97,1,41.549170369187934,1.0,1.0,1.0,0.0449446173765752,0.161508666255086,1.0
330,10.97,204,45.0,1.0,0.0,0.1666666666666666,0.0,0.0,
330,10.97,72,0.0,0.0,0.7866666666666666,0.7866666666666666,0.0,0.0,
330,10.97,152,0.0,0.0,0.0,0.0,0.0,0.0,
330,10.97,164,20.54189723320158,0.56,0.0,0.56,2.563021519543258,9.217576281308144,1.0
330,10.97,10,0.0,0.0,0.6,0.6,0.0,0.0,
330,10.97,41,0.0,0.0,0.2266666666666666,0.2266666666666666,0.0,0.0,
330,10.97,188,0.0,0.0,0.0416666666666666,0.0416666666666666,0.0,0.0,
330,10.97,4,0.0,0.0,0.8266666666666667,0.8266666666666667,0.0,0.0,
330,10.97,7,0.0,0.0,0.1866666666666666,0.1866666666666666,0.0,0.0,
330,10.97,93,0.0,0.0,0.12,0.12,0.0,0.0,1.0
330,10.97,189,0.0,0.0,0.0416666666666666,0.0416666666666666,0.0,0.0,
330,10.97,127,0.0,0.0,0.0,0.0,0.0,0.0,1.0
340,11.3,216,25.22830368830707,0.9,0.0,0.0,0.3371020088698266,0.3975757530514023,
340,11.3,1,41.56932804781795,1.0,1.0,1.0,0.0506735484786406,0.1645186122330218,1.0
340,11.3,72,0.0,0.0,0.6533333333333333,0.6533333333333333,0.0,0.0,
340,11.3,6,0.0,0.0,1.0,1.0,0.0,0.0,0.0
340,11.3,164,25.157119220516584,0.6933333333333334,0.0,0.6933333333333334,2.58466654118828,9.212415592146378,1.0
340,11.3,217,32.41289198606272,1.0,0.0,0.0,0.2424506387921031,0.5300363389050992,
340,11.3,223,0.0,0.0,0.0,0.0,0.0,0.0,
340,11.3,10,0.0,0.0,0.6,0.6,0.0,0.0,0.0
340,11.3,93,0.0,0.0,0.12,0.12,0.0,0.0,
340,11.3,4,0.0,0.0,0.8266666666666667,0.8266666666666667,0.0,0.0,
340,11.3,7,0.0,0.0,0.32,0.32,0.0,0.0,
340,11.3,189,0.0,0.0,0.3235294117647059,0.3235294117647059,0.0,0.0,
340,11.3,127,0.0,0.0,0.0,0.0,0.0,0.0,1.0
350,11.63,216,25.943954104040536,0.95,0.0,0.3,0.3677035468077951,0.4002627986290487,
350,11.63,1,41.54859472384221,1.0,1.0,1.0,0.0808674067733738,0.2055642594680442,1.0
350,11.63,72,0.0,0.0,0.52,0.52,0.0,0.0,
350,11.63,226,0.0,0.0,0.0,0.0,0.0,0.0,1.0
350,11.63,6,0.0,0.0,1.0,1.0,0.0,0.0,0.0
350,11.63,217,31.81162891986063,1.0,0.0,0.3,0.2950058072009296,0.5087197594910066,
350,11.63,164,25.241591270206023,0.7066666666666667,0.0,0.7066666666666667,2.086115816550598,8.266517846750846,1.0
350,11.63,10,0.0,0.0,0.52,0.52,0.0,0.0,0.0
350,11.63,41,0.0,0.0,0.2,0.2,0.0,0.0,
350,11.63,4,0.0,0.0,0.7466666666666667,0.7466666666666667,0.0,0.0,
350,11.63,7,0.0,0.0,0.4533333333333333,0.4533333333333333,0.0,0.0,
350,11.63,189,0.0,0.0,0.3409090909090909,0.3409090909090909,0.0,0.0,
350,11.63,127,0.0,0.0,0.0,0.0,0.0,0.0,1.0
360,11.97,216,26.50660897655781,0.9666666666666668,0.0333333333333333,0.5333333333333333,0.4587466392553061,0.4084156762494559,
360,11.97,1,41.6072162173023,1.0,1.0,1.0,0.1372856660038298,0.2518517072035717,1.0
360,11.97,72,0.0,0.0,0.4,0.4,0.0,0.0,
360,11.97,217,31.36566008517228,1.0,0.0,0.5333333333333333,0.3744676732481614,0.5325385390440195,
360,11.97,164,28.16463828328486,0.8,0.0,0.8,1.6479599815761004,7.153821805057786,1.0
360,11.97,226,0.0,0.0,0.0,0.0,0.0,0.0,1.0
360,11.97,10,0.0,0.0,0.4,0.4,0.0,0.0,0.0
360,11.97,41,0.0,0.0,0.2,0.2,0.0,0.0,1.0
360,11.97,4,0.0,0.0,0.6266666666666667,0.6266666666666667,0.0,0.0,
360,11.97,7,0.0,0.0,0.4666666666666667,0.4666666666666667,0.0,0.0,
360,11.97,189,0.0,0.0,0.2777777777777778,0.2777777777777778,0.0,0.0,
360,11.97,127,0.0,0.0,0.0,0.0,0.0,0.0,1.0
370,12.3,216,28.197096859741805,0.975,0.275,0.65,0.582520842902343,0.6899417921896289,
370,12.3,1,41.60704771932872,1.0,1.0,1.0,0.1430145971058953,0.2535676917226358,1.0
370,12.3,6,0.0,0.0,1.0,1.0,0.0,0.0,0.0
370,12.3,217,30.511677587495942,1.0,0.0,0.65,0.4245754512923962,0.5423551775779187,
370,12.3,164,30.789098917501583,0.88,0.0,0.88,1.1706854945455158,5.9260390041954185,1.0
370,12.3,10,0.0,0.0,0.4,0.4,0.0,0.0,0.0
370,12.3,62,0.0,0.0,0.2222222222222222,0.2222222222222222,0.0,0.0,
370,12.3,226,0.0,0.0,0.0,0.0,0.0,0.0,1.0
370,12.3,41,0.0,0.0,0.2,0.2,0.0,0.0,1.0
370,12.3,4,0.0,0.0,0.6266666666666667,0.6266666666666667,0.0,0.0,
370,12.3,7,0.0,0.0,0.6,0.6,0.0,0.0,
370,12.3,189,0.0,0.0,0.234375,0.234375,0.0,0.0,
370,12.3,127,0.0,0.0,0.0,0.0,0.0,0.0,1.0
380,12.63,216,28.579246692813356,0.98,0.3,0.72,0.5878742461794463,0.6730976321807512,
380,12.63,1,41.528972170840525,1.0,1.0,1.0,0.1607002672059639,0.2683499197407915,1.0
380,12.63,164,30.45513965128752,0.88,0.0,0.88,0.6542234597821669,4.14340822103076,1.0
380,12.63,10,0.0,0.0,0.4,0.4,0.0,0.0,0.0
380,12.63,226,0.0,0.0,0.15,0.15,0.0,0.0,1.0
380,12.63,62,0.0,0.0,0.631578947368421,0.631578947368421,0.0,0.0,
380,12.63,217,29.762243554477177,1.0,0.0,0.72,0.4190575720100752,0.5502455604174915,
380,12.63,4,0.0,0.0,0.6,0.6,0.0,0.0,
380,12.63,7,0.0,0.0,0.6533333333333333,0.6533333333333333,0.0,0.0,
380,12.63,41,0.0,0.0,0.28,0.28,0.0,0.0,0.0
380,12.63,189,0.0,0.0,0.2027027027027027,0.2027027027027027,0.0,0.0,
380,12.63,127,0.0,0.0,0.0,0.0,0.0,0.0,
390,12.97,216,28.976743881241912,0.9833333333333332,0.25,0.7666666666666667,0.5183343585886919,0.6439795991613787,
390,12.97,1,41.44215137286959,1.0,1.0,1.0,0.1967056236678612,0.2843190777497615,1.0
390,12.97,226,0.0,0.0,0.3,0.3,0.0,0.0,1.0
390,12.97,164,34.60315132953175,1.0,0.0,1.0,0.1764087680139868,0.3827226931449818,1.0
390,12.97,10,0.0,0.0,0.4,0.4,0.0,0.0,0.0
390,12.97,217,28.8114401235956,0.9833333333333332,0.0,0.75,0.8743469184740046,3.333471404564585,
390,12.97,4,0.0,0.0,0.5866666666666667,0.5866666666666667,0.0,0.0,
390,12.97,7,0.0,0.0,0.6533333333333333,0.6533333333333333,0.0,0.0,
390,12.97,189,0.0,0.0,0.2,0.2,0.0,0.0,
390,12.97,127,0.0,0.0,0.0133333333333333,0.0,0.0,0.0,
400,13.3,216,29.34747307617325,0.9857142857142858,0.2142857142857142,0.8,0.4900430860374836,0.6206389069378315,
400,13.3,1,41.3152257377789,1.0,1.0,1.0,0.1869737400992789,0.2717395557853295,1.0
400,13.3,6,0.0,0.0,1.0,1.0,0.0,0.0,0.0
400,13.3,259,0.0,0.0,0.7857142857142857,0.7857142857142857,0.0,0.0,
400,13.3,10,0.0,0.0,0.4,0.4,0.0,0.0,0.0
400,13.3,164,34.33575688822427,1.0,0.0,1.0,0.1461057377109565,0.3701153091353252,1.0
400,13.3,263,0.0,0.0,0.0,0.0,0.0,0.0,0.0
400,13.3,217,25.065268005098744,0.8571428571428571,0.0,0.6571428571428571,1.4889360141541883,5.228248345335471,
400,13.3,266,0.0,0.0,0.0,0.0,0.0,0.0,
400,13.3,4,0.0,0.0,0.4533333333333333,0.4533333333333333,0.0,0.0,
400,13.3,7,0.0,0.0,0.5866666666666667,0.5866666666666667,0.0,0.0,
400,13.3,189,0.0,0.0,0.2,0.2,0.0,0.0,
400,13.3,127,0.0,0.0,0.1466666666666666,0.0,0.0,0.0,
410,13.63,216,30.498099874373366,0.9866666666666668,0.2,0.88,0.480597230854434,0.6062557607457132,
410,13.63,1,41.18685852407368,1.0,1.0,1.0,0.2017576295100338,0.287182119386654,1.0
410,13.63,6,0.0,0.0,1.0,1.0,0.0,0.0,0.0
410,13.63,259,0.0,0.0,0.625,0.625,0.0,0.0,
410,13.63,164,34.19888987926423,1.0,0.0,1.0,0.0941576857629043,0.3113174592319866,1.0
410,13.63,262,0.0,0.0,0.0,0.0,0.0,0.0,
410,13.63,10,0.0,0.0,0.48,0.48,0.0,0.0,0.0
410,13.63,263,0.0,0.0,0.2608695652173913,0.2608695652173913,0.0,0.0,0.0
410,13.63,217,21.2391978732838,0.7333333333333333,0.08,0.6933333333333334,1.357346861371629,5.067084623182819,
410,13.63,266,0.0,0.0,0.0,0.0,0.0,0.0,
410,13.63,4,0.0,0.0,0.32,0.32,0.0,0.0,
410,13.63,7,0.0,0.0,0.48,0.48,0.0,0.0,
410,13.63,189,0.0,0.0,0.12,0.12,0.0,0.0,
410,13.63,127,0.0,0.0,0.2,0.0,0.0,0.0,
420,13.97,216,31.99560492505091,1.0,0.2,0.9866666666666668,0.5104097451061732,0.625443712288494,
420,13.97,1,41.10361042888528,1.0,1.0,1.0,0.210476274049574,0.2926768562849826,1.0
420,13.97,6,0.0,0.0,1.0,1.0,0.0,0.0,0.0
420,13.97,263,0.0,0.0,0.4545454545454545,0.4545454545454545,0.0,0.0,0.0
420,13.97,262,0.0,0.0,0.0555555555555555,0.0555555555555555,0.0,0.0,
420,13.97,259,0.0,0.0,0.4411764705882353,0.4411764705882353,0.0,0.0,
420,13.97,164,34.19888987926424,1.0,0.0,1.0,0.0941576857629043,0.3113174592319866,1.0
420,13.97,217,16.9631816131212,0.6,0.2,0.8,1.3370216581195966,5.070376506473294,
420,13.97,10,0.0,0.0,0.6133333333333333,0.6133333333333333,0.0,0.0,0.0
420,13.97,266,0.0,0.0,0.0,0.0,0.0,0.0,
420,13.97,4,0.0,0.0,0.2,0.2,0.0,0.0,
420,13.97,7,0.0,0.0,0.3866666666666666,0.3866666666666666,0.0,0.0,
420,13.97,189,0.0,0.0,0.0133333333333333,0.0133333333333333,0.0,0.0,
420,13.97,127,0.0,0.0,0.2,0.0,0.0,0.0,1.0
430,14.3,269,32.34453781512604,1.0,0.0,0.0,1.0840336134453772,1.1848441500513986,
430,14.3,1,40.93769620679184,1.0,1.0,1.0,0.1824437611020227,0.2783809824141814,1.0
430,14.3,263,0.0,0.0,0.3488372093023256,0.3488372093023256,0.0,0.0,0.0
430,14.3,6,0.0,0.0,1.0,1.0,0.0,0.0,0.0
430,14.3,164,34.33784404289225,1.0,0.0,1.0,0.0559111903411393,0.2106514176100968,1.0
430,14.3,10,0.0,0.0,0.7466666666666667,0.7466666666666667,0.0,0.0,0.0
430,14.3,248,0.0,0.0,0.0,0.0,0.0,0.0,
430,14.3,4,0.0,0.0,0.2,0.2,0.0,0.0,
430,14.3,7,0.0,0.0,0.2533333333333333,0.2533333333333333,0.0,0.0,
430,14.3,189,0.0,0.0,0.1466666666666666,0.1466666666666666,0.0,0.0,
430,14.3,127,0.0,0.0,0.2,0.0,0.0,0.0,1.0
440,14.63,1,40.70264433096412,1.0,1.0,1.0,0.1990873054854614,0.3004558556609427,1.0
440,14.63,269,30.49053444936044,1.0,0.4,0.4,0.7168407908756923,0.7754568734223117,
440,14.63,10,0.0,0.0,0.8,0.8,0.0,0.0,0.0
440,14.63,6,0.0,0.0,1.0,1.0,0.0,0.0,0.0
440,14.63,226,0.0,0.0,0.2307692307692307,0.2307692307692307,0.0,0.0,1.0
440,14.63,164,34.407530454042075,1.0,0.0,1.0,0.0442967884828351,0.1878824399470967,1.0
440,14.63,248,0.0,0.0,0.0,0.0,0.0,0.0,
440,14.63,292,0.0,0.0,0.0,0.0,0.0,0.0,0.0
440,14.63,4,0.0,0.0,0.12,0.12,0.0,0.0,
440,14.63,7,0.0,0.0,0.12,0.12,0.0,0.0,
440,14.63,189,0.0,0.0,0.2,0.2,0.0,0.0,
440,14.63,127,0.0,0.0,0.2,0.0,0.0,0.0,1.0
450,14.97,1,40.46527639210364,1.0,1.0,1.0,0.1995743805994021,0.300864042081394,1.0
450,14.97,269,31.941788061175014,1.0,0.6,0.64,0.6172389774493919,0.636125472253501,
450,14.97,6,0.0,0.0,1.0,1.0,0.0,0.0,0.0
450,14.97,62,0.0,0.0,0.7647058823529411,0.7647058823529411,0.0,0.0,
450,14.97,164,34.41860465116279,1.0,0.0,1.0,0.0553709856035439,0.2085744195738889,1.0
450,14.97,10,0.0,0.0,0.8,0.8,0.0,0.0,0.0
450,14.97,248,0.0,0.0,0.04,0.04,0.0,0.0,
450,14.97,292,0.0,0.0,0.0,0.0,0.0,0.0,0.0
450,14.97,4,0.0,0.0,0.0,0.0,0.0,0.0,
450,14.97,234,0.0,0.0,0.0,0.0,0.0,0.0,
450,14.97,7,0.0,0.0,0.0,0.0,0.0,0.0,
450,14.97,307,0.0,0.0,0.0,0.0,0.0,0.0,
450,14.97,189,0.0,0.0,0.2,0.2,0.0,0.0,
450,14.97,127,0.0,0.0,0.2,0.0,0.0,0.0,
460,15.3,269,33.131688300775515,1.0,0.4285714285714285,0.7428571428571429,0.5305697073807881,0.575992738807869,
460,15.3,1,40.21492121446152,1.0,1.0,1.0,0.2033199068593723,0.3143081549332485,1.0
460,15.3,62,0.0,0.0,0.5909090909090909,0.5909090909090909,0.0,0.0,
460,15.3,6,0.0,0.0,1.0,1.0,0.0,0.0,0.0
460,15.3,164,34.418604651162795,1.0,0.0,1.0,0.0553709856035439,0.2085744195738889,1.0
460,15.3,10,0.0,0.0,0.8,0.8,0.0,0.0,0.0
460,15.3,248,0.0,0.0,0.3142857142857143,0.3142857142857143,0.0,0.0,
460,15.3,4,0.0,0.0,0.0,0.0,0.0,0.0,
460,15.3,292,0.0,0.0,0.0,0.0,0.0,0.0,0.0
460,15.3,234,0.0,0.0,0.0,0.0,0.0,0.0,1.0
460,15.3,307,0.0,0.0,0.0,0.0,0.0,0.0,
460,15.3,7,0.0,0.0,0.0,0.0,0.0,0.0,
460,15.3,189,0.0,0.0,0.2,0.2,0.0,0.0,
460,15.3,127,0.0,0.0,0.2,0.0,0.0,0.0,
470,15.63,269,32.6527530624522,1.0,0.4666666666666667,0.8,0.5690680650107337,0.7037147558659144,
470,15.63,1,39.90299360248131,1.0,1.0,1.0,0.2204386643968872,0.3270139277753796,1.0
470,15.63,6,0.0,0.0,0.92,0.92,0.0,0.0,0.0
470,15.63,164,34.45182724252491,1.0,0.0,1.0,0.0664451827242527,0.2268439453472178,1.0
470,15.63,333,0.0,0.0,0.0,0.0,0.0,0.0,
470,15.63,10,0.0,0.0,0.88,0.88,0.0,0.0,0.0
470,15.63,292,0.0,0.0,0.0,0.0,0.0,0.0,0.0
470,15.63,4,0.0,0.0,0.08,0.08,0.0,0.0,
470,15.63,234,0.0,0.0,0.0,0.0,0.0,0.0,1.0
470,15.63,7,0.0,0.0,0.0,0.0,0.0,0.0,
470,15.63,307,0.0,0.0,0.0,0.0,0.0,0.0,
470,15.63,189,0.0,0.0,0.2,0.2,0.0,0.0,
470,15.63,127,0.0,0.0,0.12,0.0,0.0,0.0,
480,15.97,1,39.54789726219194,1.0,1.0,1.0,0.231816897774063,0.3276100977769822,1.0
480,15.97,269,32.1462222043157,1.0,0.5454545454545454,0.8181818181818182,0.5740722184798563,0.6495669941294584,
480,15.97,62,0.0,0.0,0.5869565217391305,0.5869565217391305,0.0,0.0,
480,15.97,6,0.0,0.0,0.8,0.8,0.0,0.0,0.0
480,15.97,164,34.45182724252491,1.0,0.0,1.0,0.0664451827242527,0.2268439453472178,1.0
480,15.97,333,0.0,0.0,0.0,0.0,0.0,0.0,
480,15.97,10,0.0,0.0,1.0,1.0,0.0,0.0,0.0
480,15.97,4,0.0,0.0,0.2133333333333333,0.2133333333333333,0.0,0.0,
480,15.97,292,0.0,0.0,0.0,0.0,0.0,0.0,0.0
480,15.97,7,0.0,0.0,0.0,0.0,0.0,0.0,
480,15.97,307,0.0,0.0,0.0,0.0,0.0,0.0,
480,15.97,189,0.0,0.0,0.2,0.2,0.0,0.0,
480,15.97,127,0.0,0.0,0.0,0.0,0.0,0.0,
490,16.3,1,39.20870443590234,1.0,1.0,1.0,0.2350013477327066,0.3235637069135552,1.0
490,16.3,269,32.45683744146098,1.0,0.4615384615384615,0.6923076923076923,0.6940867489701349,1.0038694884521482,
490,16.3,62,0.0,0.0,0.6607142857142857,0.6607142857142857,0.0,0.0,
490,16.3,164,34.451827242524914,1.0,0.0,1.0,0.0664451827242527,0.2268439453472178,1.0
490,16.3,333,0.0,0.0,0.0,0.0,0.0,0.0,
490,16.3,10,0.0,0.0,1.0,1.0,0.0,0.0,0.0
490,16.3,338,0.0,0.0,0.0,0.0,0.0,0.0,
490,16.3,4,0.0,0.0,0.3466666666666667,0.3466666666666667,0.0,0.0,
490,16.3,292,0.0,0.0,0.0,0.0,0.0,0.0,0.0
490,16.3,7,0.0,0.0,0.0,0.0,0.0,0.0,
490,16.3,307,0.0,0.0,0.0,0.0,0.0,0.0,
490,16.3,189,0.0,0.0,0.2,0.2,0.0,0.0,
490,16.3,127,0.0,0.0,0.0,0.0,0.0,0.0,
500,16.63,1,38.99068773038564,1.0,1.0,1.0,0.1881967634281223,0.3071025972797365,1.0
500,16.63,62,0.0,0.0,0.7121212121212122,0.7121212121212122,0.0,0.0,
500,16.63,341,0.0,0.0,0.6666666666666666,0.6666666666666666,0.0,0.0,0.0
500,16.63,269,31.21873446642562,0.8933333333333333,0.4,0.6,0.7629675280095484,0.9999732329498636,
500,16.63,6,0.0,0.0,0.72,0.72,0.0,0.0,0.0
500,16.63,333,0.0,0.0,0.0,0.0,0.0,0.0,
500,16.63,164,34.429678848283494,1.0,0.0,1.0,0.0553709856035439,0.2085744195738889,1.0
500,16.63,342,0.0,0.0,0.0,0.0,0.0,0.0,0.0
500,16.63,10,0.0,0.0,1.0,1.0,0.0,0.0,0.0
500,16.63,338,0.0,0.0,0.0,0.0,0.0,0.0,1.0
500,16.63,4,0.0,0.0,0.48,0.48,0.0,0.0,
500,16.63,7,0.0,0.0,0.0,0.0,0.0,0.0,
500,16.63,307,0.0,0.0,0.0,0.0,0.0,0.0,
500,16.63,189,0.0,0.0,0.12,0.12,0.0,0.0,
500,16.63,127,0.0,0.0,0.0,0.0,0.0,0.0,
510,16.97,1,38.715920830618735,1.0,1.0,1.0,0.1482297859611451,0.2780540038738027,1.0
510,16.97,62,0.0,0.0,0.76,0.76,0.0,0.0,
510,16.97,341,0.0,0.0,0.8421052631578947,0.8421052631578947,0.0,0.0,0.0
510,16.97,333,0.0,0.0,0.0,0.0,0.0,0.0,
510,16.97,6,0.0,0.0,0.5866666666666667,0.5866666666666667,0.0,0.0,0.0
510,16.97,342,0.0,0.0,0.0,0.0,0.0,0.0,
510,16.97,164,34.34887772465765,1.0,0.0,1.0,0.0681063122923589,0.2326928854022728,1.0
510,16.97,10,0.0,0.0,1.0,1.0,0.0,0.0,0.0
510,16.97,4,0.0,0.0,0.6133333333333333,0.6133333333333333,0.0,0.0,1.0
510,16.97,7,0.0,0.0,0.0,0.0,0.0,0.0,
510,16.97,234,0.0,0.0,0.0,0.0,0.0,0.0,
510,16.97,307,0.0,0.0,0.0,0.0,0.0,0.0,
510,16.97,127,0.0,0.0,0.0,0.0,0.0,0.0,
520,17.3,1,38.68447891530586,1.0,1.0,1.0,0.1801887767911037,0.2994187311908836,1.0
520,17.3,62,0.0,0.0,0.84,0.84,0.0,0.0,
520,17.3,341,0.0,0.0,0.896551724137931,0.896551724137931,0.0,0.0,0.0
520,17.3,333,0.0,0.0,0.0,0.0,0.0,0.0,
520,17.3,6,0.0,0.0,0.4533333333333333,0.4533333333333333,0.0,0.0,0.0
520,17.3,342,0.0,0.0,0.0,0.0,0.0,0.0,1.0
520,17.3,164,34.11078248656241,1.0,0.0,1.0,0.0681063122923589,0.2326928854022728,1.0
520,17.3,10,0.0,0.0,1.0,1.0,0.0,0.0,0.0
520,17.3,4,0.0,0.0,0.7466666666666667,0.7466666666666667,0.0,0.0,1.0
520,17.3,7,0.0,0.0,0.0,0.0,0.0,0.0,
520,17.3,307,0.0,0.0,0.0,0.0,0.0,0.0,
520,17.3,234,0.0,0.0,0.0,0.0,0.0,0.0,
520,17.3,189,0.0,0.0,0.0,0.0,0.0,0.0,
520,17.3,127,0.0,0.0,0.0,0.0,0.0,0.0,
530,17.63,1,38.65825133464279,1.0,1.0,1.0,0.1716961120484391,0.2941309075340803,1.0
530,17.63,62,0.0,0.0,0.84,0.84,0.0,0.0,
530,17.63,6,0.0,0.0,0.4,0.4,0.0,0.0,0.0
530,17.63,164,34.05433109148367,1.0,0.0,1.0,0.0586932447397563,0.2212416756375774,1.0
530,17.63,363,0.0,0.0,0.0,0.0,0.0,0.0,
530,17.63,333,0.0,0.0,0.0,0.0,0.0,0.0,
530,17.63,342,0.0,0.0,0.0,0.0,0.0,0.0,1.0
530,17.63,10,0.0,0.0,0.92,0.92,0.0,0.0,0.0
530,17.63,292,0.0,0.0,0.0,0.0,0.0,0.0,
530,17.63,4,0.0,0.0,0.88,0.88,0.0,0.0,1.0
530,17.63,7,0.0,0.0,0.0,0.0,0.0,0.0,
530,17.63,307,0.0,0.0,0.0,0.0,0.0,0.0,
530,17.63,189,0.0,0.0,0.0,0.0,0.0,0.0,
530,17.63,127,0.0,0.0,0.0,0.0,0.0,0.0,
540,17.97,1,38.67477108917484,1.0,1.0,1.0,0.1157057308498349,0.2455383149151897,
540,17.97,62,0.0,0.0,0.8266666666666667,0.8266666666666667,0.0,0.0,
540,17.97,333,0.0,0.0,0.0,0.0,0.0,0.0,
540,17.97,6,0.0,0.0,0.2666666666666666,0.2666666666666666,0.0,0.0,0.0
540,17.97,164,33.51966885449585,0.9866666666666668,0.0,0.9866666666666668,0.9729789590254704,5.555493159784517,1.0
540,17.97,363,0.0,0.0,0.0,0.0,0.0,0.0,
540,17.97,342,0.0,0.0,0.0,0.0,0.0,0.0,1.0
540,17.97,374,0.0,0.0,0.0,0.0,0.0,0.0,
540,17.97,10,0.0,0.0,0.8,0.8,0.0,0.0,0.0
540,17.97,4,0.0,0.0,1.0,1.0,0.0,0.0,1.0
540,17.97,292,0.0,0.0,0.0142857142857142,0.0142857142857142,0.0,0.0,0.0
540,17.97,7,0.0,0.0,0.0,0.0,0.0,0.0,
540,17.97,189,0.0,0.0,0.0,0.0,0.0,0.0,
540,17.97,307,0.0,0.0,0.0,0.0,0.0,0.0,
540,17.97,127,0.0,0.0,0.0,0.0,0.0,0.0,
550,18.3,1,38.88248150445731,1.0,1.0,1.0,0.1183435739887356,0.2425191444162604,
550,18.3,62,0.0,0.0,0.8,0.8,0.0,0.0,
550,18.3,6,0.0,0.0,0.1866666666666666,0.1866666666666666,0.0,0.0,0.0
550,18.3,164,33.766422101249084,0.9866666666666668,0.0,0.9866666666666668,0.9936507936507936,5.553246856018807,1.0
550,18.3,333,0.0,0.0,0.0,0.0,0.0,0.0,
550,18.3,342,0.0,0.0,0.0,0.0,0.0,0.0,1.0
550,18.3,363,0.0,0.0,0.0,0.0,0.0,0.0,
550,18.3,10,0.0,0.0,0.8,0.8,0.0,0.0,0.0
550,18.3,4,0.0,0.0,1.0,1.0,0.0,0.0,1.0
550,18.3,292,0.0,0.0,0.1466666666666666,0.1466666666666666,0.0,0.0,0.0
550,18.3,7,0.0,0.0,0.0,0.0,0.0,0.0,
550,18.3,307,0.0,0.0,0.0,0.0,0.0,0.0,
550,18.3,189,0.0,0.0,0.0,0.0,0.0,0.0,
550,18.3,127,0.0,0.0,0.0,0.0,0.0,0.0,
560,18.63,1,39.19127993422347,1.0,1.0,1.0,0.1386328725038405,0.2636001441192409,
560,18.63,62,0.0,0.0,0.72,0.72,0.0,0.0,
560,18.63,164,34.17083894044855,0.9866666666666668,0.0,0.9866666666666668,1.0033126293995858,5.552124955356503,1.0
560,18.63,6,0.0,0.0,0.2666666666666666,0.2666666666666666,0.0,0.0,0.0
560,18.63,10,0.0,0.0,0.72,0.72,0.0,0.0,0.0
560,18.63,333,0.0,0.0,0.08,0.08,0.0,0.0,
560,18.63,342,0.0,0.0,0.0,0.0,0.0,0.0,1.0
560,18.63,363,0.0,0.0,0.0,0.0,0.0,0.0,
560,18.63,4,0.0,0.0,1.0,1.0,0.0,0.0,1.0
560,18.63,292,0.0,0.0,0.2,0.2,0.0,0.0,0.0
560,18.63,7,0.0,0.0,0.0,0.0,0.0,0.0,
560,18.63,189,0.0,0.0,0.0,0.0,0.0,0.0,
560,18.63,307,0.0,0.0,0.0,0.0,0.0,0.0,
560,18.63,127,0.0,0.0,0.0,0.0,0.0,0.0,
570,18.97,1,39.3566238495674,1.0,1.0,1.0,0.1320191158900839,0.2607187867818857,
570,18.97,62,0.0,0.0,0.5866666666666667,0.5866666666666667,0.0,0.0,
570,18.97,6,0.0,0.0,0.28,0.28,0.0,0.0,0.0
570,18.97,164,34.584917615396776,0.9866666666666668,0.0,0.9866666666666668,1.0033126293995858,5.552124955356503,1.0
570,18.97,333,0.0,0.0,0.2,0.2,0.0,0.0,
570,18.97,10,0.0,0.0,0.5866666666666667,0.5866666666666667,0.0,0.0,0.0
570,18.97,342,0.0,0.0,0.0,0.0,0.0,0.0,1.0
570,18.97,363,0.0,0.0,0.0,0.0,0.0,0.0,
570,18.97,4,0.0,0.0,1.0,1.0,0.0,0.0,1.0
570,18.97,7,0.0,0.0,0.0,0.0,0.0,0.0,
570,18.97,292,0.0,0.0,0.2133333333333333,0.2133333333333333,0.0,0.0,0.0
570,18.97,189,0.0,0.0,0.0,0.0,0.0,0.0,
570,18.97,307,0.0,0.0,0.0,0.0,0.0,0.0,
570,18.97,127,0.0,0.0,0.0,0.0,0.0,0.0,
580,19.3,1,39.52725877020231,1.0,1.0,1.0,0.1571513910223586,0.2694655657260643,
580,19.3,62,0.0,0.0,0.4533333333333333,0.4533333333333333,0.0,0.0,
580,19.3,6,0.0,0.0,0.3466666666666667,0.3466666666666667,0.0,0.0,0.0
580,19.3,164,34.99899629034501,0.9866666666666668,0.0,0.9866666666666668,1.0033126293995858,5.552124955356503,1.0
580,19.3,333,0.0,0.0,0.2,0.2,0.0,0.0,
580,19.3,342,0.0,0.0,0.0,0.0,0.0,0.0,1.0
580,19.3,10,0.0,0.0,0.4533333333333333,0.4533333333333333,0.0,0.0,0.0
580,19.3,363,0.0,0.0,0.0,0.0,0.0,0.0,
580,19.3,4,0.0,0.0,1.0,1.0,0.0,0.0,1.0
580,19.3,7,0.0,0.0,0.0,0.0,0.0,0.0,
580,19.3,292,0.0,0.0,0.3466666666666667,0.3466666666666667,0.0,0.0,0.0
580,19.3,189,0.0,0.0,0.0,0.0,0.0,0.0,
580,19.3,307,0.0,0.0,0.0,0.0,0.0,0.0,
590,19.63,1,39.65312831656367,1.0,1.0,1.0,0.1592114135741844,0.2607731854446115,
590,19.63,62,0.0,0.0,0.32,0.32,0.0,0.0,
590,19.63,6,0.0,0.0,0.48,0.48,0.0,0.0,0.0
590,19.63,164,35.5907753137253,0.9866666666666668,0.0,0.9866666666666668,0.979503105590062,5.554491947264927,1.0
590,19.63,333,0.0,0.0,0.2,0.2,0.0,0.0,
590,19.63,430,0.0,0.0,0.0,0.0,0.0,0.0,
590,19.63,342,0.0,0.0,0.0,0.0,0.0,0.0,1.0
590,19.63,10,0.0,0.0,0.4,0.4,0.0,0.0,0.0
590,19.63,4,0.0,0.0,1.0,1.0,0.0,0.0,1.0
590,19.63,292,0.0,0.0,0.48,0.48,0.0,0.0,0.0
590,19.63,7,0.0,0.0,0.08,0.08,0.0,0.0,
590,19.63,189,0.0,0.0,0.0,0.0,0.0,0.0,
590,19.63,307,0.0,0.0,0.0,0.0,0.0,0.0,
600,19.97,1,39.91921574143938,1.0,1.0,1.0,0.1726634878808791,0.2828146106452906,
600,19.97,62,0.0,0.0,0.1866666666666666,0.1866666666666666,0.0,0.0,
600,19.97,333,0.0,0.0,0.2,0.2,0.0,0.0,
600,19.97,164,36.14713041143777,0.9866666666666668,0.0,0.9866666666666668,0.955693581780538,5.556754534463207,1.0
600,19.97,430,0.0,0.0,0.0,0.0,0.0,0.0,
600,19.97,342,0.0,0.0,0.0,0.0,0.0,0.0,1.0
600,19.97,10,0.0,0.0,0.4133333333333333,0.4133333333333333,0.0,0.0,0.0
600,19.97,4,0.0,0.0,1.0,1.0,0.0,0.0,1.0
600,19.97,292,0.0,0.0,0.6,0.6,0.0,0.0,0.0
600,19.97,7,0.0,0.0,0.2,0.2,0.0,0.0,
600,19.97,307,0.0,0.0,0.0,0.0,0.0,0.0,
600,19.97,189,0.0,0.0,0.0,0.0,0.0,0.0,
610,20.3,1,40.25394963499679,1.0,1.0,1.0,0.2034758128108511,0.3005085860812886,
610,20.3,62,0.0,0.0,0.0533333333333333,0.0533333333333333,0.0,0.0,
610,20.3,333,0.0,0.0,0.2,0.2,0.0,0.0,
610,20.3,164,36.561209086386015,0.9866666666666668,0.0,0.9866666666666668,0.955693581780538,5.556754534463207,1.0
610,20.3,448,0.0,0.0,0.0,0.0,0.0,0.0,
610,20.3,430,0.0,0.0,0.0,0.0,0.0,0.0,1.0
610,20.3,342,0.0,0.0,0.0,0.0,0.0,0.0,1.0
610,20.3,10,0.0,0.0,0.5466666666666666,0.5466666666666666,0.0,0.0,0.0
610,20.3,4,0.0,0.0,1.0,1.0,0.0,0.0,1.0
610,20.3,292,0.0,0.0,0.6,0.6,0.0,0.0,0.0
610,20.3,7,0.0,0.0,0.2,0.2,0.0,0.0,
610,20.3,189,0.0,0.0,0.0,0.0,0.0,0.0,
610,20.3,307,0.0,0.0,0.0,0.0,0.0,0.0,
620,20.63,1,40.577773184891214,1.0,1.0,1.0,0.241258384225455,0.3448549448893895,
620,20.63,62,0.0,0.0,0.08,0.08,0.0,0.0,
620,20.63,333,0.0,0.0,0.2,0.2,0.0,0.0,
620,20.63,164,37.313131313131294,1.0,0.0,1.0,0.0197628458498023,0.120232210108266,1.0
620,20.63,448,0.0,0.0,0.0,0.0,0.0,0.0,
620,20.63,430,0.0,0.0,0.0,0.0,0.0,0.0,
620,20.63,342,0.0,0.0,0.0,0.0,0.0,0.0,1.0
620,20.63,10,0.0,0.0,0.52,0.52,0.0,0.0,0.0
620,20.63,4,0.0,0.0,0.92,0.92,0.0,0.0,
620,20.63,292,0.0,0.0,0.52,0.52,0.0,0.0,0.0
620,20.63,307,0.0,0.0,0.08,0.08,0.0,0.0,
620,20.63,189,0.0,0.0,0.08,0.08,0.0,0.0,
620,20.63,7,0.0,0.0,0.2,0.2,0.0,0.0,
630,20.97,1,40.7711963875056,1.0,1.0,1.0,0.2512132719776572,0.3355536897549389,
630,20.97,62,0.0,0.0,0.2,0.2,0.0,0.0,
630,20.97,333,0.0,0.0,0.2,0.2,0.0,0.0,
630,20.97,164,37.38082022818376,1.0,0.0,1.0,0.0281632233528624,0.1389309939880826,1.0
630,20.97,448,0.0,0.0,0.0,0.0,0.0,0.0,
630,20.97,342,0.0,0.0,0.0,0.0,0.0,0.0,1.0
630,20.97,430,0.0,0.0,0.0,0.0,0.0,0.0,
630,20.97,10,0.0,0.0,0.4,0.4,0.0,0.0,0.0
630,20.97,4,0.0,0.0,0.8266666666666667,0.8266666666666667,0.0,0.0,
630,20.97,292,0.0,0.0,0.4,0.4,0.0,0.0,0.0
630,20.97,7,0.0,0.0,0.2,0.2,0.0,0.0,
630,20.97,307,0.0,0.0,0.2133333333333333,0.2133333333333333,0.0,0.0,
630,20.97,189,0.0,0.0,0.2133333333333333,0.2133333333333333,0.0,0.0,
640,21.3,1,40.83348440190072,1.0,1.0,1.0,0.2849795110226497,0.3327423167652034,
640,21.3,62,0.0,0.0,0.2,0.2,0.0,0.0,
640,21.3,6,0.0,0.0,0.6133333333333333,0.6133333333333333,0.0,0.0,
640,21.3,333,0.0,0.0,0.2,0.2,0.0,0.0,
640,21.3,164,37.262682327437176,1.0,0.0,1.0,0.0575879049514569,0.2313635034549692,1.0
640,21.3,448,0.0,0.0,0.0,0.0,0.0,0.0,
640,21.3,342,0.0,0.0,0.0,0.0,0.0,0.0,1.0
640,21.3,10,0.0,0.0,0.4,0.4,0.0,0.0,0.0
640,21.3,430,0.0,0.0,0.0,0.0,0.0,0.0,1.0
640,21.3,4,0.0,0.0,0.8266666666666667,0.8266666666666667,0.0,0.0,
640,21.3,470,0.0,0.0,0.0,0.0,0.0,0.0,
640,21.3,292,0.0,0.0,0.4,0.4,0.0,0.0,0.0
640,21.3,7,0.0,0.0,0.2,0.2,0.0,0.0,
640,21.3,189,0.0,0.0,0.3466666666666667,0.3466666666666667,0.0,0.0,
640,21.3,307,0.0,0.0,0.3466666666666667,0.3466666666666667,0.0,0.0,
650,21.63,478,0.0,0.0,1.0,1.0,0.0,0.0,0.0
650,21.63,62,0.0,0.0,0.2,0.2,0.0,0.0,
650,21.63,333,0.0,0.0,0.2,0.2,0.0,0.0,
650,21.63,164,37.15552378549602,1.0,0.0,1.0,0.0966744222988437,0.2828595098025551,1.0
650,21.63,476,0.0,0.0,0.0,0.0,0.0,0.0,
650,21.63,448,0.0,0.0,0.0,0.0,0.0,0.0,
650,21.63,342,0.0,0.0,0.0,0.0,0.0,0.0,1.0
650,21.63,430,0.0,0.0,0.0,0.0,0.0,0.0,1.0
650,21.63,470,0.0,0.0,0.0,0.0,0.0,0.0,1.0
650,21.63,292,0.0,0.0,0.32,0.32,0.0,0.0,0.0
650,21.63,7,0.0,0.0,0.2,0.2,0.0,0.0,
650,21.63,307,0.0,0.0,0.48,0.48,0.0,0.0,
650,21.63,189,0.0,0.0,0.4,0.4,0.0,0.0,
660,21.97,478,0.0,0.0,1.0,1.0,0.0,0.0,0.0
660,21.97,62,0.0,0.0,0.2,0.2,0.0,0.0,
660,21.97,333,0.0,0.0,0.2,0.2,0.0,0.0,
660,21.97,164,36.62754837925975,0.9866666666666668,0.0,0.9866666666666668,0.6242106541829014,4.1437575882384365,1.0
660,21.97,476,0.0,0.0,0.0,0.0,0.0,0.0,
660,21.97,448,0.0,0.0,0.0161290322580645,0.0,0.0,0.0,
660,21.97,342,0.0,0.0,0.0,0.0,0.0,0.0,1.0
660,21.97,470,0.0,0.0,0.0,0.0,0.0,0.0,1.0
660,21.97,292,0.0,0.0,0.1866666666666666,0.1866666666666666,0.0,0.0,
660,21.97,234,0.0,0.0,0.0149253731343283,0.0149253731343283,0.0,0.0,
660,21.97,7,0.0,0.0,0.2,0.2,0.0,0.0,
660,21.97,189,0.0,0.0,0.4,0.4,0.0,0.0,
660,21.97,307,0.0,0.0,0.6,0.6,0.0,0.0,
670,22.3,1,40.88254645096277,1.0,1.0,1.0,0.2867620422169457,0.3315509864540389,
670,22.3,62,0.0,0.0,0.2,0.2,0.0,0.0,
670,22.3,476,2.705882352941176,0.0666666666666666,0.0,0.0666666666666666,1.352941176470588,7.410364013305188,
670,22.3,164,33.14694400059801,0.8933333333333333,0.0,0.8933333333333333,1.1320120726226175,5.930155263246252,1.0
670,22.3,6,0.0,0.0,0.6133333333333333,0.6133333333333333,0.0,0.0,
670,22.3,333,0.0,0.0,0.2,0.2,0.0,0.0,
670,22.3,448,0.0,0.0,0.1527777777777778,0.0,0.0,0.0,
670,22.3,342,0.0,0.0,0.0,0.0,0.0,0.0,1.0
670,22.3,10,0.0,0.0,0.4,0.4,0.0,0.0,
670,22.3,4,0.0,0.0,0.8266666666666667,0.8266666666666667,0.0,0.0,
670,22.3,470,0.0,0.0,0.0,0.0,0.0,0.0,1.0
670,22.3,292,0.0,0.0,0.0533333333333333,0.0533333333333333,0.0,0.0,
670,22.3,234,0.0,0.0,0.1466666666666666,0.1466666666666666,0.0,0.0,1.0
670,22.3,7,0.0,0.0,0.08,0.08,0.0,0.0,
670,22.3,307,0.0,0.0,0.6,0.6,0.0,0.0,
670,22.3,189,0.0,0.0,0.4,0.4,0.0,0.0,
680,22.63,1,40.87427925519557,1.0,1.0,1.0,0.296923177378081,0.3430471698138725,
680,22.63,62,0.0,0.0,0.28,0.28,0.0,0.0,
680,22.63,164,32.67614535736644,0.88,0.0,0.88,2.1476149095020505,8.34210339198451,1.0
680,22.63,476,7.9852594884107475,0.2,0.0,0.2,2.0576923076923075,8.74373983891809,
680,22.63,6,0.0,0.0,0.6133333333333333,0.6133333333333333,0.0,0.0,
680,22.63,333,0.0,0.0,0.2,0.2,0.0,0.0,
680,22.63,342,0.0,0.0,0.0,0.0,0.0,0.0,1.0
680,22.63,448,0.0,0.0,0.2,0.0,0.0,0.0,
680,22.63,10,0.0,0.0,0.4,0.4,0.0,0.0,0.0
680,22.63,4,0.0,0.0,0.8266666666666667,0.8266666666666667,0.0,0.0,
680,22.63,470,0.0,0.0,0.0,0.0,0.0,0.0,1.0
680,22.63,234,0.0,0.0,0.28,0.28,0.0,0.0,1.0
680,22.63,292,0.0,0.0,0.0,0.0,0.0,0.0,
680,22.63,7,0.0,0.0,0.0,0.0,0.0,0.0,
680,22.63,307,0.0,0.0,0.6,0.6,0.0,0.0,
680,22.63,189,0.0,0.0,0.48,0.48,0.0,0.0,
690,22.97,1,40.92652793244426,1.0,1.0,1.0,0.2676573043622083,0.3423116190266754,
690,22.97,476,12.396967436547266,0.32,0.0,0.32,2.5135595776772246,9.412564233654749,
690,22.97,62,0.0,0.0,0.4,0.4,0.0,0.0,
690,22.97,6,0.0,0.0,0.56,0.56,0.0,0.0,
690,22.97,333,0.0,0.0,0.2133333333333333,0.2133333333333333,0.0,0.0,
690,22.97,164,28.70624094786907,0.7733333333333333,0.0,0.7733333333333333,2.6554163279417664,9.312344581509834,1.0
690,22.97,10,0.0,0.0,0.3866666666666666,0.3866666666666666,0.0,0.0,0.0
690,22.97,448,0.0,0.0,0.2133333333333333,0.0133333333333333,0.0,0.0,
690,22.97,4,0.0,0.0,0.8133333333333334,0.8133333333333334,0.0,0.0,
690,22.97,470,0.0,0.0,0.0,0.0,0.0,0.0,1.0
690,22.97,292,0.0,0.0,0.0,0.0,0.0,0.0,
690,22.97,234,0.0,0.0,0.4,0.4,0.0,0.0,1.0
690,22.97,7,0.0,0.0,0.0,0.0,0.0,0.0,
690,22.97,307,0.0,0.0,0.5866666666666667,0.5866666666666667,0.0,0.0,
690,22.97,189,0.0,0.0,0.5866666666666667,0.5866666666666667,0.0,0.0,
700,23.3,1,40.84801687681826,1.0,1.0,1.0,0.2180168783630863,0.3273372855773931,
700,23.3,62,0.0,0.0,0.4,0.4,0.0,0.0,
700,23.3,6,0.0,0.0,0.4266666666666667,0.4266666666666667,0.0,0.0,
700,23.3,476,16.286937772953323,0.4333333333333333,0.0,0.4333333333333333,2.1752751139593385,8.613839696078758,
700,23.3,10,0.0,0.0,0.2533333333333333,0.2533333333333333,0.0,0.0,0.0
700,23.3,333,0.0,0.0,0.3466666666666667,0.3466666666666667,0.0,0.0,
700,23.3,342,0.0,0.0,0.0,0.0,0.0,0.0,1.0
700,23.3,448,0.0,0.0,0.3466666666666667,0.1466666666666666,0.0,0.0,
700,23.3,470,0.0,0.0,0.0,0.0,0.0,0.0,1.0
700,23.3,4,0.0,0.0,0.68,0.68,0.0,0.0,
700,23.3,442,0.0,0.0,0.0,0.0,0.0,0.0,
700,23.3,292,0.0,0.0,0.0,0.0,0.0,0.0,
700,23.3,7,0.0,0.0,0.0,0.0,0.0,0.0,
700,23.3,307,0.0,0.0,0.4533333333333333,0.4533333333333333,0.0,0.0,
700,23.3,189,0.0,0.0,0.4533333333333333,0.4533333333333333,0.0,0.0,
710,23.63,1,40.65179509100249,1.0,1.0,1.0,0.2199840903686614,0.3312225515566724,
710,23.63,62,0.0,0.0,0.48,0.48,0.0,0.0,
710,23.63,6,0.0,0.0,0.3733333333333333,0.3733333333333333,0.0,0.0,
710,23.63,333,0.0,0.0,0.32,0.32,0.0,0.0,
710,23.63,476,18.548788747982204,0.5,0.0,0.5,2.430429048680123,8.961374135622993,
710,23.63,342,0.0,0.0,0.0,0.0,0.0,0.0,1.0
710,23.63,10,0.0,0.0,0.2,0.2,0.0,0.0,0.0
710,23.63,448,0.0,0.0,0.48,0.28,0.0,0.0,
710,23.63,470,0.0,0.0,0.0,0.0,0.0,0.0,1.0
710,23.63,442,0.0,0.0,0.0,0.0,0.0,0.0,
710,23.63,4,0.0,0.0,0.6266666666666667,0.6266666666666667,0.0,0.0,
710,23.63,292,0.0,0.0,0.0,0.0,0.0,0.0,
710,23.63,7,0.0,0.0,0.0,0.0,0.0,0.0,
710,23.63,234,0.0,0.0,0.4,0.4,0.0,0.0,
710,23.63,307,0.0,0.0,0.32,0.32,0.0,0.0,
710,23.63,189,0.0,0.0,0.32,0.32,0.0,0.0,
720,23.97,1,40.53728511241684,1.0,1.0,1.0,0.2049234548179386,0.3167200862619855,
720,23.97,62,0.0,0.0,0.6133333333333333,0.6133333333333333,0.0,0.0,
720,23.97,6,0.0,0.0,0.3733333333333333,0.3733333333333333,0.0,0.0,
720,23.97,476,17.31220283145005,0.4666666666666667,0.0,0.4666666666666667,2.268400445434782,8.674828102656587,
720,23.97,333,0.0,0.0,0.2,0.2,0.0,0.0,
720,23.97,448,0.0,0.0,0.6,0.4,0.0,0.0,
720,23.97,342,0.0,0.0,0.0,0.0,0.0,0.0,1.0
720,23.97,10,0.0,0.0,0.2133333333333333,0.2133333333333333,0.0,0.0,0.0
720,23.97,485,0.0,0.0,0.1666666666666666,0.1666666666666666,0.0,0.0,
720,23.97,470,0.0,0.0,0.0,0.0,0.0,0.0,1.0
720,23.97,442,0.0,0.0,0.0,0.0,0.0,0.0,
720,23.97,4,0.0,0.0,0.6266666666666667,0.6266666666666667,0.0,0.0,
720,23.97,292,0.0,0.0,0.0,0.0,0.0,0.0,1.0
720,23.97,7,0.0,0.0,0.0,0.0,0.0,0.0,
720,23.97,307,0.0,0.0,0.1866666666666666,0.1866666666666666,0.0,0.0,
720,23.97,189,0.0,0.0,0.2,0.2,0.0,0.0,
730,24.3,1,40.26478687688548,1.0,1.0,1.0,0.1641909432240313,0.3025474109956476,
730,24.3,62,0.0,0.0,0.7466666666666667,0.7466666666666667,0.0,0.0,
730,24.3,476,21.9533375832231,0.5866666666666667,0.0,0.5866666666666667,2.7850671121014487,9.602780493350949,
730,24.3,6,0.0,0.0,0.3733333333333333,0.3733333333333333,0.0,0.0,
730,24.3,490,0.0,0.0,0.0,0.0,0.0,0.0,
730,24.3,448,0.0,0.0,0.6,0.4,0.0,0.0,
730,24.3,333,0.0,0.0,0.2,0.2,0.0,0.0,
730,24.3,342,0.0,0.0,0.0,0.0,0.0,0.0,1.0
730,24.3,10,0.0,0.0,0.3466666666666667,0.3466666666666667,0.0,0.0,0.0
730,24.3,442,0.0,0.0,0.0,0.0,0.0,0.0,
730,24.3,470,0.0,0.0,0.0,0.0,0.0,0.0,1.0
730,24.3,4,0.0,0.0,0.7466666666666667,0.7466666666666667,0.0,0.0,
730,24.3,292,0.0,0.0,0.0,0.0,0.0,0.0,1.0
730,24.3,7,0.0,0.0,0.0,0.0,0.0,0.0,
730,24.3,307,0.0,0.0,0.0533333333333333,0.0533333333333333,0.0,0.0,
730,24.3,189,0.0,0.0,0.2,0.2,0.0,0.0,
740,24.63,1,40.194696708298814,1.0,1.0,1.0,0.1366642325432382,0.2889155177426523,
740,24.63,62,0.0,0.0,0.88,0.88,0.0,0.0,
740,24.63,6,0.0,0.0,0.4,0.4,0.0,0.0,
740,24.63,476,26.51275787307817,0.7066666666666667,0.0,0.7066666666666667,3.3379656628260865,10.380291033432274,
740,24.63,448,0.0,0.0,0.52,0.4,0.0,0.0,
740,24.63,333,0.0,0.0,0.2,0.2,0.0,0.0,
740,24.63,342,0.0,0.0,0.0,0.0,0.0,0.0,1.0
740,24.63,490,0.0,0.0,0.375,0.375,0.0,0.0,
740,24.63,10,0.0,0.0,0.4,0.4,0.0,0.0,0.0
740,24.63,470,0.0,0.0,0.0,0.0,0.0,0.0,1.0
740,24.63,292,0.0,0.0,0.0,0.0,0.0,0.0,1.0
740,24.63,442,0.0,0.0,0.0,0.0,0.0,0.0,
740,24.63,4,0.0,0.0,0.8,0.8,0.0,0.0,1.0
740,24.63,7,0.0,0.0,0.0,0.0,0.0,0.0,
740,24.63,307,0.0,0.0,0.0,0.0,0.0,0.0,
740,24.63,189,0.0,0.0,0.2,0.2,0.0,0.0,
750,24.97,1,40.09584938451733,1.0,1.0,1.0,0.1207622533401175,0.2866665989064098,
750,24.97,62,0.0,0.0,1.0,1.0,0.0,0.0,
750,24.97,476,26.32175423103216,0.7066666666666667,0.0,0.7066666666666667,3.297196432056856,10.264628997329371,
750,24.97,6,0.0,0.0,0.4,0.4,0.0,0.0,
750,24.97,448,0.0,0.0,0.4,0.4,0.0,0.0,
750,24.97,333,0.0,0.0,0.2,0.2,0.0,0.0,
750,24.97,342,0.0,0.0,0.0,0.0,0.0,0.0,1.0
750,24.97,10,0.0,0.0,0.4,0.4,0.0,0.0,0.0
750,24.97,470,0.0,0.0,0.0,0.0,0.0,0.0,1.0
750,24.97,292,0.0,0.0,0.0,0.0,0.0,0.0,1.0
750,24.97,4,0.0,0.0,0.8,0.8,0.0,0.0,1.0
750,24.97,442,0.0,0.0,0.0,0.0,0.0,0.0,
750,24.97,7,0.0,0.0,0.0,0.0,0.0,0.0,
750,24.97,307,0.0,0.0,0.0,0.0,0.0,0.0,
750,24.97,189,0.0,0.0,0.1866666666666666,0.1866666666666666,0.0,0.0,
760,25.3,1,40.03271807138603,1.0,1.0,1.0,0.0980349806128448,0.2597107656405748,
760,25.3,62,0.0,0.0,1.0,1.0,0.0,0.0,
760,25.3,476,29.20911520317309,0.7866666666666666,0.0,0.7866666666666666,2.3002740306571954,8.394411222188621,
760,25.3,6,0.0,0.0,0.4,0.4,0.0,0.0,
760,25.3,448,0.0,0.0,0.4,0.4,0.0,0.0,
760,25.3,333,0.0,0.0,0.2,0.2,0.0,0.0,
760,25.3,342,0.0,0.0,0.0,0.0,0.0,0.0,
760,25.3,10,0.0,0.0,0.4,0.4,0.0,0.0,0.0
760,25.3,470,0.0,0.0,0.0,0.0,0.0,0.0,1.0
760,25.3,292,0.0,0.0,0.0,0.0,0.0,0.0,1.0
760,25.3,491,0.0,0.0,0.0,0.0,0.0,0.0,1.0
760,25.3,4,0.0,0.0,0.8,0.8,0.0,0.0,1.0
760,25.3,7,0.0,0.0,0.0,0.0,0.0,0.0,
760,25.3,442,0.0,0.0,0.0,0.0,0.0,0.0,
760,25.3,189,0.0,0.0,0.0533333333333333,0.0533333333333333,0.0,0.0,
760,25.3,307,0.0,0.0,0.0,0.0,0.0,0.0,
770,25.63,1,39.95064736431532,1.0,1.0,1.0,0.0980349806128448,0.2597107656405748,
770,25.63,62,0.0,0.0,1.0,1.0,0.0,0.0,
770,25.63,476,27.78865992134526,0.7466666666666667,0.0,0.7466666666666667,3.2973955975647526,10.16309405155397,
770,25.63,333,0.0,0.0,0.12,0.12,0.0,0.0,
770,25.63,6,0.0,0.0,0.4,0.4,0.0,0.0,
770,25.63,448,0.0,0.0,0.32,0.32,0.0,0.0,
770,25.63,342,0.0,0.0,0.08,0.0,0.0,0.0,
770,25.63,10,0.0,0.0,0.4,0.4,0.0,0.0,0.0
770,25.63,470,0.0,0.0,0.0,0.0,0.0,0.0,1.0
770,25.63,4,0.0,0.0,0.88,0.88,0.0,0.0,1.0
770,25.63,292,0.0,0.0,0.0,0.0,0.0,0.0,
770,25.63,442,0.0,0.0,0.0,0.0,0.0,0.0,
770,25.63,7,0.0,0.0,0.0,0.0,0.0,0.0,
770,25.63,234,0.0,0.0,0.4,0.4,0.0,0.0,
770,25.63,307,0.0,0.0,0.0,0.0,0.0,0.0,
770,25.63,189,0.0,0.0,0.0,0.0,0.0,0.0,
780,25.97,1,39.87899332391128,1.0,1.0,1.0,0.0772016472795114,0.2337815033984931,
780,25.97,62,0.0,0.0,0.9866666666666668,0.9866666666666668,0.0,0.0,
780,25.97,476,27.81036084979337,0.7466666666666667,0.0,0.7466666666666667,3.298682582657737,10.161824654021409,
780,25.97,496,0.0,0.0,0.0,0.0,0.0,0.0,
780,25.97,6,0.0,0.0,0.3866666666666666,0.3866666666666666,0.0,0.0,
780,25.97,333,0.0,0.0,0.0,0.0,0.0,0.0,
780,25.97,490,0.0,0.0,0.56,0.56,0.0,0.0,
780,25.97,448,0.0,0.0,0.2,0.2,0.0,0.0,
780,25.97,10,0.0,0.0,0.3866666666666666,0.3866666666666666,0.0,0.0,0.0
780,25.97,470,0.0,0.0,0.0,0.0,0.0,0.0,1.0
780,25.97,4,0.0,0.0,1.0,1.0,0.0,0.0,1.0
780,25.97,442,0.0,0.0,0.0,0.0,0.0,0.0,
780,25.97,7,0.0,0.0,0.0,0.0,0.0,0.0,
780,25.97,307,0.0,0.0,0.0,0.0,0.0,0.0,
780,25.97,189,0.0,0.0,0.0,0.0,0.0,0.0,
790,26.3,1,39.83462102953898,1.0,1.0,1.0,0.0646355097133741,0.2246300479745833,
790,26.3,62,0.0,0.0,0.8533333333333334,0.8533333333333334,0.0,0.0,
790,26.3,333,0.0,0.0,0.0,0.0,0.0,0.0,
790,26.3,6,0.0,0.0,0.2533333333333333,0.2533333333333333,0.0,0.0,
790,26.3,496,0.0,0.0,0.0,0.0,0.0,0.0,
790,26.3,342,0.0,0.0,0.1866666666666666,0.0,0.0,0.0,
790,26.3,490,0.0,0.0,0.4,0.4,0.0,0.0,
790,26.3,448,0.0,0.0,0.2,0.2,0.0,0.0,
790,26.3,10,0.0,0.0,0.2533333333333333,0.2533333333333333,0.0,0.0,0.0
790,26.3,470,0.0,0.0,0.0,0.0,0.0,0.0,1.0
790,26.3,442,0.0,0.0,0.0,0.0,0.0,0.0,
790,26.3,4,0.0,0.0,1.0,1.0,0.0,0.0,1.0
790,26.3,520,0.0,0.0,0.0,0.0,0.0,0.0,
790,26.3,7,0.0,0.0,0.0,0.0,0.0,0.0,
790,26.3,307,0.0,0.0,0.0,0.0,0.0,0.0,
790,26.3,189,0.0,0.0,0.0,0.0,0.0,0.0,
800,26.63,1,39.795454545454525,1.0,1.0,1.0,0.0082070707070707,0.0710753172297836,
800,26.63,62,0.0,0.0,0.8,0.8,0.0,0.0,
800,26.63,333,0.0,0.0,0.0,0.0,0.0,0.0,
800,26.63,6,0.0,0.0,0.12,0.12,0.0,0.0,
800,26.63,490,0.0,0.0,0.3111111111111111,0.3111111111111111,0.0,0.0,
800,26.63,342,0.0,0.0,0.24,0.0,0.0,0.0,
800,26.63,10,0.0,0.0,0.2,0.2,0.0,0.0,0.0
800,26.63,448,0.0,0.0,0.2,0.2,0.0,0.0,
800,26.63,470,0.0,0.0,0.0,0.0,0.0,0.0,1.0
800,26.63,4,0.0,0.0,1.0,1.0,0.0,0.0,1.0
800,26.63,292,0.0,0.0,0.0,0.0,0.0,0.0,0.0
800,26.63,520,0.0,0.0,0.4,0.4,0.0,0.0,
800,26.63,7,0.0,0.0,0.0,0.0,0.0,0.0,
800,26.63,442,0.0,0.0,0.0,0.0,0.0,0.0,
800,26.63,189,0.0,0.0,0.08,0.08,0.0,0.0,
800,26.63,307,0.0,0.0,0.0,0.0,0.0,0.0,
810,26.97,1,39.7779963092463,1.0,1.0,1.0,0.0510101010101012,0.1675255007746585,
810,26.97,62,0.0,0.0,0.8,0.8,0.0,0.0,
810,26.97,490,0.0,0.0,0.2545454545454545,0.2545454545454545,0.0,0.0,
810,26.97,333,0.0,0.0,0.0,0.0,0.0,0.0,
810,26.97,6,0.0,0.0,0.0,0.0,0.0,0.0,
810,26.97,342,0.0,0.0,0.24,0.0,0.0,0.0,
810,26.97,448,0.0,0.0,0.2133333333333333,0.2133333333333333,0.0,0.0,
810,26.97,10,0.0,0.0,0.2133333333333333,0.2133333333333333,0.0,0.0,0.0
810,26.97,470,0.0,0.0,0.0,0.0,0.0,0.0,1.0
810,26.97,4,0.0,0.0,1.0,1.0,0.0,0.0,1.0
810,26.97,292,0.0,0.0,0.0,0.0,0.0,0.0,0.0
810,26.97,520,0.0,0.0,0.6,0.6,0.0,0.0,
810,26.97,442,0.0,0.0,0.0133333333333333,0.0133333333333333,0.0,0.0,
810,26.97,7,0.0,0.0,0.0,0.0,0.0,0.0,
810,26.97,189,0.0,0.0,0.2,0.2,0.0,0.0,
810,26.97,307,0.0,0.0,0.0133333333333333,0.0133333333333333,0.0,0.0,
820,27.3,1,39.86259226884226,1.0,1.0,1.0,0.0428030303030305,0.1540297436844157,
820,27.3,62,0.0,0.0,0.8,0.8,0.0,0.0,
820,27.3,333,0.0,0.0,0.0,0.0,0.0,0.0,
820,27.3,6,0.0,0.0,0.0,0.0,0.0,0.0,
820,27.3,342,0.0,0.0,0.24,0.0,0.0,0.0,
820,27.3,448,0.0,0.0,0.3466666666666667,0.3466666666666667,0.0,0.0,
820,27.3,10,0.0,0.0,0.3466666666666667,0.3466666666666667,0.0,0.0,0.0
820,27.3,490,0.0,0.0,0.2153846153846154,0.2153846153846154,0.0,0.0,
820,27.3,292,0.0,0.0,0.0,0.0,0.0,0.0,0.0
820,27.3,470,0.0,0.0,0.0,0.0,0.0,0.0,1.0
820,27.3,4,0.0,0.0,1.0,1.0,0.0,0.0,1.0
820,27.3,520,0.0,0.0,0.4285714285714285,0.4285714285714285,0.0,0.0,
820,27.3,442,0.0,0.0,0.1466666666666666,0.1466666666666666,0.0,0.0,
820,27.3,189,0.0,0.0,0.2,0.2,0.0,0.0,
820,27.3,307,0.0,0.0,0.1466666666666666,0.1466666666666666,0.0,0.0,
830,27.63,1,40.03008812290527,1.0,1.0,1.0,0.0916497060153778,0.2253899934666843,
830,27.63,62,0.0,0.0,0.72,0.72,0.0,0.0,
830,27.63,6,0.0,0.0,0.08,0.08,0.0,0.0,
830,27.63,333,0.0,0.0,0.0,0.0,0.0,0.0,
830,27.63,448,0.0,0.0,0.4,0.4,0.0,0.0,
830,27.63,342,0.0,0.0,0.24,0.0,0.0,0.0,
830,27.63,10,0.0,0.0,0.48,0.48,0.0,0.0,0.0
830,27.63,292,0.0,0.0,0.0,0.0,0.0,0.0,0.0
830,27.63,4,0.0,0.0,1.0,1.0,0.0,0.0,1.0
830,27.63,470,0.0,0.0,0.0,0.0,0.0,0.0,1.0
830,27.63,520,0.0,0.0,0.3333333333333333,0.3333333333333333,0.0,0.0,
830,27.63,7,0.0,0.0,0.0,0.0,0.0,0.0,
830,27.63,442,0.0,0.0,0.2,0.2,0.0,0.0,
830,27.63,234,0.0,0.0,0.4,0.4,0.0,0.0,
830,27.63,307,0.0,0.0,0.2,0.2,0.0,0.0,
830,27.63,189,0.0,0.0,0.2,0.2,0.0,0.0,
840,27.97,1,40.239194108130654,1.0,1.0,1.0,0.1132085783205188,0.2605134684133241,
840,27.97,62,0.0,0.0,0.5866666666666667,0.5866666666666667,0.0,0.0,
840,27.97,6,0.0,0.0,0.2,0.2,0.0,0.0,
840,27.97,333,0.0,0.0,0.0,0.0,0.0,0.0,
840,27.97,448,0.0,0.0,0.4,0.4,0.0,0.0,
840,27.97,342,0.0,0.0,0.24,0.0,0.0,0.0,
840,27.97,292,0.0,0.0,0.0,0.0,0.0,0.0,0.0
840,27.97,10,0.0,0.0,0.6133333333333333,0.6133333333333333,0.0,0.0,0.0
840,27.97,4,0.0,0.0,1.0,1.0,0.0,0.0,1.0
840,27.97,470,0.0,0.0,0.0,0.0,0.0,0.0,1.0
840,27.97,520,0.0,0.0,0.2909090909090909,0.2909090909090909,0.0,0.0,
840,27.97,7,0.0,0.0,0.0,0.0,0.0,0.0,
840,27.97,442,0.0,0.0,0.2,0.2,0.0,0.0,
840,27.97,234,0.0,0.0,0.4,0.4,0.0,0.0,
840,27.97,307,0.0,0.0,0.2,0.2,0.0,0.0,
850,28.3,1,40.441214310150855,1.0,1.0,1.0,0.1132085783205188,0.2605134684133241,
850,28.3,62,0.0,0.0,0.4533333333333333,0.4533333333333333,0.0,0.0,
850,28.3,6,0.0,0.0,0.2,0.2,0.0,0.0,
850,28.3,333,0.0,0.0,0.0,0.0,0.0,0.0,
850,28.3,448,0.0,0.0,0.4,0.4,0.0,0.0,
850,28.3,292,0.0,0.0,0.0,0.0,0.0,0.0,0.0
850,28.3,342,0.0,0.0,0.24,0.0,0.0,0.0,
850,28.3,10,0.0,0.0,0.7466666666666667,0.7466666666666667,0.0,0.0,0.0
850,28.3,4,0.0,0.0,1.0,1.0,0.0,0.0,1.0
850,28.3,470,0.0,0.0,0.0,0.0,0.0,0.0,1.0
850,28.3,520,0.0,0.0,0.4,0.4,0.0,0.0,
850,28.3,234,0.0,0.0,0.3066666666666666,0.3066666666666666,0.0,0.0,
850,28.3,7,0.0,0.0,0.0,0.0,0.0,0.0,
850,28.3,442,0.0,0.0,0.2,0.2,0.0,0.0,
850,28.3,307,0.0,0.0,0.2,0.2,0.0,0.0,
860,28.63,1,40.56242643136299,1.0,1.0,1.0,0.1233095884215289,0.2705579413826778,
860,28.63,62,0.0,0.0,0.48,0.48,0.0,0.0,
860,28.63,6,0.0,0.0,0.2,0.2,0.0,0.0,
860,28.63,333,0.0,0.0,0.0,0.0,0.0,0.0,
860,28.63,448,0.0,0.0,0.32,0.32,0.0,0.0,
860,28.63,342,0.0,0.0,0.12,0.0,0.0,0.0,
860,28.63,292,0.0,0.0,0.0,0.0,0.0,0.0,0.0
860,28.63,10,0.0,0.0,0.8,0.8,0.0,0.0,0.0
860,28.63,470,0.0,0.0,0.0,0.0,0.0,0.0,1.0
860,28.63,4,0.0,0.0,1.0,1.0,0.0,0.0,1.0
860,28.63,520,0.0,0.0,0.4,0.4,0.0,0.0,
860,28.63,7,0.0,0.0,0.0,0.0,0.0,0.0,
860,28.63,442,0.0,0.0,0.28,0.28,0.0,0.0,
860,28.63,307,0.0,0.0,0.28,0.28,0.0,0.0,
870,28.97,1,40.59269930939705,1.0,1.0,1.0,0.1454715061058347,0.2769946376480496,
870,28.97,62,0.0,0.0,0.6,0.6,0.0,0.0,
870,28.97,333,0.0,0.0,0.0,0.0,0.0,0.0,
870,28.97,448,0.0,0.0,0.2,0.2,0.0,0.0,
870,28.97,342,0.0,0.0,0.0,0.0,0.0,0.0,
870,28.97,10,0.0,0.0,0.8,0.8,0.0,0.0,0.0
870,28.97,4,0.0,0.0,1.0,1.0,0.0,0.0,1.0
870,28.97,292,0.0,0.0,0.0,0.0,0.0,0.0,0.0
870,28.97,470,0.0,0.0,0.0,0.0,0.0,0.0,1.0
870,28.97,520,0.0,0.0,0.3866666666666666,0.3866666666666666,0.0,0.0,
870,28.97,7,0.0,0.0,0.0,0.0,0.0,0.0,
870,28.97,442,0.0,0.0,0.4,0.4,0.0,0.0,
870,28.97,534,0.0,0.0,0.0,0.0,0.0,0.0,
870,28.97,307,0.0,0.0,0.4133333333333333,0.4133333333333333,0.0,0.0,
880,29.3,1,40.47589572021443,1.0,1.0,1.0,0.1657509130787898,0.2913194912546489,
880,29.3,62,0.0,0.0,0.6,0.6,0.0,0.0,
880,29.3,6,0.0,0.0,0.2,0.2,0.0,0.0,
880,29.3,333,0.0,0.0,0.0,0.0,0.0,0.0,
880,29.3,342,0.0,0.0,0.0,0.0,0.0,0.0,
880,29.3,448,0.0,0.0,0.2,0.2,0.0,0.0,
880,29.3,10,0.0,0.0,0.8,0.8,0.0,0.0,0.0
880,29.3,4,0.0,0.0,1.0,1.0,0.0,0.0,1.0
880,29.3,292,0.0,0.0,0.0,0.0,0.0,0.0,0.0
880,29.3,470,0.0,0.0,0.0,0.0,0.0,0.0,1.0
880,29.3,520,0.0,0.0,0.2533333333333333,0.2533333333333333,0.0,0.0,
880,29.3,442,0.0,0.0,0.4,0.4,0.0,0.0,
880,29.3,307,0.0,0.0,0.5466666666666666,0.5466666666666666,0.0,0.0,
890,29.63,1,40.17661890661388,1.0,1.0,1.0,0.1534353763773235,0.2756371641574751,
890,29.63,62,0.0,0.0,0.6,0.6,0.0,0.0,
890,29.63,6,0.0,0.0,0.2,0.2,0.0,0.0,
890,29.63,342,0.0,0.0,0.0,0.0,0.0,0.0,
890,29.63,333,0.0,0.0,0.0,0.0,0.0,0.0,
890,29.63,448,0.0,0.0,0.12,0.12,0.0,0.0,
890,29.63,554,0.0,0.0,0.0,0.0,0.0,0.0,1.0
890,29.63,559,13.708677685950413,0.2727272727272727,0.0,0.2727272727272727,4.049586776859504,8.697083605549812,
890,29.63,10,0.0,0.0,0.72,0.72,0.0,0.0,0.0
890,29.63,292,0.0,0.0,0.0,0.0,0.0,0.0,1.0
890,29.63,4,0.0,0.0,1.0,1.0,0.0,0.0,1.0
890,29.63,470,0.0,0.0,0.08,0.08,0.0,0.0,1.0
890,29.63,520,0.0,0.0,0.2,0.2,0.0,0.0,
890,29.63,442,0.0,0.0,0.4,0.4,0.0,0.0,
890,29.63,307,0.0,0.0,0.52,0.52,0.0,0.0,
900,29.97,62,0.0,0.0,0.6133333333333333,0.6133333333333333,0.0,0.0,
900,29.97,6,0.0,0.0,0.2133333333333333,0.2133333333333333,0.0,0.0,
900,29.97,333,0.0,0.0,0.0,0.0,0.0,0.0,
900,29.97,448,0.0,0.0,0.0,0.0,0.0,0.0,
900,29.97,342,0.0,0.0,0.0,0.0,0.0,0.0,
900,29.97,554,0.0,0.0,0.0,0.0,0.0,0.0,1.0
900,29.97,366,0.0,0.0,0.2,0.2,0.0,0.0,
900,29.97,559,9.518398268398268,0.238095238095238,0.0,0.238095238095238,5.627705627705628,10.195903219848466,
900,29.97,10,0.0,0.0,0.5866666666666667,0.5866666666666667,0.0,0.0,0.0
900,29.97,292,0.0,0.0,0.0,0.0,0.0,0.0,1.0
900,29.97,4,0.0,0.0,1.0,1.0,0.0,0.0,1.0
900,29.97,470,0.0,0.0,0.2,0.2,0.0,0.0,1.0
900,29.97,520,0.0,0.0,0.2,0.2,0.0,0.0,
900,29.97,442,0.0,0.0,0.4133333333333333,0.4133333333333333,0.0,0.0,
900,29.97,307,0.0,0.0,0.4,0.4,0.0,0.0,
910,30.3,62,0.0,0.0,0.7466666666666667,0.7466666666666667,0.0,0.0,
910,30.3,6,0.0,0.0,0.3466666666666667,0.3466666666666667,0.0,0.0,
910,30.3,333,0.0,0.0,0.0,0.0,0.0,0.0,
910,30.3,448,0.0,0.0,0.0,0.0,0.0,0.0,
910,30.3,342,0.0,0.0,0.0,0.0,0.0,0.0,
910,30.3,559,14.0855183715715,0.4838709677419355,0.0,0.4838709677419355,4.74210798688977,9.52422797044952,
910,30.3,10,0.0,0.0,0.4533333333333333,0.4533333333333333,0.0,0.0,0.0
910,30.3,4,0.0,0.0,1.0,1.0,0.0,0.0,1.0
910,30.3,292,0.0,0.0,0.0,0.0,0.0,0.0,1.0
910,30.3,520,0.0,0.0,0.2,0.2,0.0,0.0,
910,30.3,470,0.0,0.0,0.2,0.2,0.0,0.0,1.0
910,30.3,442,0.0,0.0,0.5466666666666666,0.5466666666666666,0.0,0.0,
910,30.3,554,0.0,0.0,0.0,0.0,0.0,0.0,1.0
910,30.3,307,0.0,0.0,0.4,0.4,0.0,0.0,
920,30.63,62,0.0,0.0,0.88,0.88,0.0,0.0,
920,30.63,6,0.0,0.0,0.4,0.4,0.0,0.0,
920,30.63,333,0.0,0.0,0.0,0.0,0.0,0.0,
920,30.63,578,36.16454399063094,1.0,0.0,1.0,0.48565363782755,0.7217899843953739,
920,30.63,342,0.0,0.0,0.0,0.0,0.0,0.0,
920,30.63,448,0.0,0.0,0.08,0.08,0.0,0.0,
920,30.63,10,0.0,0.0,0.4,0.4,0.0,0.0,0.0
920,30.63,559,15.262135341941653,0.5853658536585366,0.0,0.5853658536585366,4.2974761966871,8.782230495600814,
920,30.63,4,0.0,0.0,1.0,1.0,0.0,0.0,1.0
920,30.63,292,0.0,0.0,0.0,0.0,0.0,0.0,1.0
920,30.63,470,0.0,0.0,0.2,0.2,0.0,0.0,1.0
920,30.63,520,0.0,0.0,0.12,0.12,0.0,0.0,
920,30.63,534,0.0,0.0,0.0,0.0,0.0,0.0,
920,30.63,307,0.0,0.0,0.4,0.4,0.0,0.0,
930,30.97,62,0.0,0.0,0.9866666666666668,0.9866666666666668,0.0,0.0,
930,30.97,6,0.0,0.0,0.4133333333333333,0.4133333333333333,0.0,0.0,
930,30.97,366,0.0,0.0,0.5,0.5,0.0,0.0,
930,30.97,333,0.0,0.0,0.0,0.0,0.0,0.0,
930,30.97,448,0.0,0.0,0.2,0.2,0.0,0.0,
930,30.97,578,34.609363943129104,1.0,0.0,1.0,0.3960534676535681,0.5715981963370197,
930,30.97,4,0.0,0.0,1.0,1.0,0.0,0.0,1.0
930,30.97,10,0.0,0.0,0.4133333333333333,0.4133333333333333,0.0,0.0,0.0
930,30.97,342,0.0,0.0,0.0,0.0,0.0,0.0,
930,30.97,292,0.0,0.0,0.0,0.0,0.0,0.0,1.0
930,30.97,470,0.0,0.0,0.2,0.2,0.0,0.0,1.0
930,30.97,520,0.0,0.0,0.0,0.0,0.0,0.0,
930,30.97,7,0.0,0.0,0.0,0.0,0.0,0.0,
930,30.97,534,0.0,0.0,0.0,0.0,0.0,0.0,
930,30.97,307,0.0,0.0,0.3866666666666666,0.3866666666666666,0.0,0.0,
940,31.3,62,0.0,0.0,0.8533333333333334,0.8533333333333334,0.0,0.0,
940,31.3,366,0.0,0.0,0.25,0.25,0.0,0.0,
940,31.3,333,0.0,0.0,0.0,0.0,0.0,0.0,
940,31.3,448,0.0,0.0,0.2,0.2,0.0,0.0,
940,31.3,578,34.21015803093659,1.0,0.0,1.0,0.2895127566512799,0.5156966579652795,
940,31.3,342,0.0,0.0,0.0,0.0,0.0,0.0,
940,31.3,10,0.0,0.0,0.5466666666666666,0.5466666666666666,0.0,0.0,0.0
940,31.3,4,0.0,0.0,1.0,1.0,0.0,0.0,
940,31.3,292,0.0,0.0,0.0,0.0,0.0,0.0,1.0
940,31.3,470,0.0,0.0,0.2,0.2,0.0,0.0,1.0
940,31.3,520,0.0,0.0,0.0,0.0,0.0,0.0,
940,31.3,7,0.0,0.0,0.0,0.0,0.0,0.0,
940,31.3,534,0.0,0.0,0.0,0.0,0.0,0.0,
940,31.3,307,0.0,0.0,0.2533333333333333,0.2533333333333333,0.0,0.0,
950,31.63,62,0.0,0.0,0.8,0.8,0.0,0.0,
950,31.63,333,0.0,0.0,0.0,0.0,0.0,0.0,
950,31.63,578,34.29857683354481,1.0,0.0,1.0,0.3042089933310014,0.5031459221004753,
950,31.63,342,0.0,0.0,0.0,0.0,0.0,0.0,
950,31.63,448,0.0,0.0,0.2,0.2,0.0,0.0,
950,31.63,10,0.0,0.0,0.6,0.6,0.0,0.0,0.0
950,31.63,559,15.55517555859553,0.6046511627906976,0.0,0.6046511627906976,4.599047071259793,8.994365449218085,
950,31.63,4,0.0,0.0,1.0,1.0,0.0,0.0,
950,31.63,470,0.0,0.0,0.2,0.2,0.0,0.0,1.0
950,31.63,292,0.0,0.0,0.0,0.0,0.0,0.0,0.0
950,31.63,520,0.0,0.0,0.0,0.0,0.0,0.0,
950,31.63,534,0.0,0.0,0.0,0.0,0.0,0.0,
950,31.63,307,0.0,0.0,0.12,0.12,0.0,0.0,
960,31.97,593,42.05729234981369,1.0,0.0909090909090909,0.0909090909090909,0.2583507428267573,0.2589433227359933,
960,31.97,62,0.0,0.0,0.7866666666666666,0.7866666666666666,0.0,0.0,
960,31.97,333,0.0,0.0,0.0,0.0,0.0,0.0,
960,31.97,578,34.4033765199743,1.0,0.0,1.0,0.2811642034396677,0.484854801545262,
960,31.97,448,0.0,0.0,0.2,0.2,0.0,0.0,
960,31.97,342,0.0,0.0,0.0,0.0,0.0,0.0,
960,31.97,10,0.0,0.0,0.6133333333333333,0.6133333333333333,0.0,0.0,0.0
960,31.97,559,16.688633000369958,0.6792452830188679,0.0,0.6792452830188679,3.7313023408334174,8.28500262761395,
960,31.97,4,0.0,0.0,1.0,1.0,0.0,0.0,
960,31.97,470,0.0,0.0,0.1866666666666666,0.1866666666666666,0.0,0.0,1.0
960,31.97,292,0.0,0.0,0.0133333333333333,0.0133333333333333,0.0,0.0,0.0
960,31.97,520,0.0,0.0,0.0,0.0,0.0,0.0,
960,31.97,534,0.0,0.0,0.0,0.0,0.0,0.0,
960,31.97,307,0.0,0.0,0.0,0.0,0.0,0.0,
970,32.3,593,42.09928532485386,1.0,0.5238095238095238,0.5238095238095238,0.2505831867680111,0.2554635345650579,
970,32.3,62,0.0,0.0,0.6533333333333333,0.6533333333333333,0.0,0.0,
970,32.3,333,0.0,0.0,0.0,0.0,0.0,0.0,
970,32.3,578,34.38236540671359,1.0,0.0,1.0,0.2457878239692477,0.4577022747523295,
970,32.3,448,0.0,0.0,0.2,0.2,0.0,0.0,
970,32.3,342,0.0,0.0,0.0,0.0,0.0,0.0,
970,32.3,10,0.0,0.0,0.7466666666666667,0.7466666666666667,0.0,0.0,
970,32.3,4,0.0,0.0,1.0,1.0,0.0,0.0,
970,32.3,559,17.17120405509874,0.7142857142857143,0.0,0.7142857142857143,3.5308972073677958,8.09107778717383,
970,32.3,470,0.0,0.0,0.0533333333333333,0.0533333333333333,0.0,0.0,
970,32.3,520,0.0,0.0,0.0,0.0,0.0,0.0,
970,32.3,292,0.0,0.0,0.1466666666666666,0.1466666666666666,0.0,0.0,0.0
970,32.3,307,0.0,0.0,0.0,0.0,0.0,0.0,
970,32.3,534,0.0,0.0,0.0,0.0,0.0,0.0,
980,32.63,593,41.82055336011612,1.0,0.6774193548387096,0.6774193548387096,0.311954750105508,0.3525122884199623,
980,32.63,62,0.0,0.0,0.52,0.52,0.0,0.0,
980,32.63,333,0.0,0.0,0.0,0.0,0.0,0.0,
980,32.63,578,34.44265517261657,1.0,0.0,1.0,0.2451561606814844,0.4452365898989121,
980,32.63,342,0.0,0.0,0.08,0.08,0.0,0.0,
980,32.63,448,0.0,0.0,0.28,0.28,0.0,0.0,
980,32.63,10,0.0,0.0,0.88,0.88,0.0,0.0,
980,32.63,4,0.0,0.0,1.0,1.0,0.0,0.0,
980,32.63,470,0.0,0.0,0.0,0.0,0.0,0.0,
980,32.63,520,0.0,0.0,0.0,0.0,0.0,0.0,
980,32.63,534,0.0,0.0,0.0,0.0,0.0,0.0,
980,32.63,292,0.0,0.0,0.28,0.28,0.0,0.0,
980,32.63,7,0.0,0.0,0.0,0.0,0.0,0.0,
980,32.63,307,0.0,0.0,0.0,0.0,0.0,0.0,
990,32.97,593,41.610937936811446,1.0,0.7560975609756098,0.7560975609756098,0.3509933843765192,0.386609095967678,
990,32.97,62,0.0,0.0,0.3866666666666666,0.3866666666666666,0.0,0.0,
990,32.97,578,34.59795562636816,1.0,0.0,1.0,0.216646410175227,0.426096249522333,
990,32.97,333,0.0,0.0,0.0,0.0,0.0,0.0,
990,32.97,448,0.0,0.0,0.3866666666666666,0.3866666666666666,0.0,0.0,
990,32.97,342,0.0,0.0,0.2,0.2,0.0,0.0,
990,32.97,10,0.0,0.0,1.0,1.0,0.0,0.0,
990,32.97,4,0.0,0.0,1.0,1.0,0.0,0.0,
990,32.97,470,0.0,0.0,0.0,0.0,0.0,0.0,
990,32.97,520,0.0,0.0,0.0,0.0,0.0,0.0,
990,32.97,534,0.0,0.0,0.0,0.0,0.0,0.0,
990,32.97,292,0.0,0.0,0.4,0.4,0.0,0.0,
990,32.97,7,0.0,0.0,0.0,0.0,0.0,0.0,
990,32.97,307,0.0,0.0,0.0,0.0,0.0,0.0,
1000,33.3,593,41.45097054135889,1.0,0.803921568627451,0.803921568627451,0.3337812165151685,0.363452298689342,
1000,33.3,62,0.0,0.0,0.2533333333333333,0.2533333333333333,0.0,0.0,
1000,33.3,578,34.723984026309594,1.0,0.0,1.0,0.1559783885365279,0.3470325620173231,
1000,33.3,333,0.0,0.0,0.0,0.0,0.0,0.0,
1000,33.3,448,0.0,0.0,0.2533333333333333,0.2533333333333333,0.0,0.0,
1000,33.3,342,0.0,0.0,0.2,0.2,0.0,0.0,
1000,33.3,10,0.0,0.0,1.0,1.0,0.0,0.0,
1000,33.3,4,0.0,0.0,1.0,1.0,0.0,0.0,
1000,33.3,470,0.0,0.0,0.0,0.0,0.0,0.0,
1000,33.3,520,0.0,0.0,0.0,0.0,0.0,0.0,
1000,33.3,7,0.0,0.0,0.0,0.0,0.0,0.0,
1000,33.3,307,0.0,0.0,0.0,0.0,0.0,0.0,
1000,33.3,534,0.0,0.0,0.0,0.0,0.0,0.0,
