frame,time_sec,student_id,avg_pitch,ratio_head_down,ratio_head_on_desk,ratio_lean_forward,ratio_writing_like,pitch_delta_mean,pitch_delta_std,label_engaged
10,0.3,1,41.2121212121212,1.0,0.0,0.0,0.0,0.0,0.0,
10,0.3,5,0.0,0.0,0.0,0.0,0.0,0.0,0.0,
10,0.3,6,29.70872160548847,1.0,0.0,0.0,0.0,0.0,0.0,
10,0.3,9,0.0,0.0,0.0,0.0,0.0,0.0,0.0,
10,0.3,4,0.0,0.0,0.0,0.0,0.0,0.0,0.0,
10,0.3,10,0.0,0.0,0.0,0.0,0.0,0.0,0.0,
10,0.3,2,0.0,0.0,0.0,0.0,0.0,0.0,0.0,
10,0.3,12,0.0,0.0,0.0,0.0,0.0,0.0,0.0,
10,0.3,7,0.0,0.0,0.0,0.0,0.0,0.0,0.0,
20,0.63,1,41.13636363636364,1.0,0.0,0.0,0.3,0.0,0.0,1.0
20,0.63,6,31.383108618552647,1.0,0.0,0.0,0.3,0.0,0.0,0.0
20,0.63,9,0.0,0.0,0.0,0.0,0.0,0.0,0.0,
20,0.63,5,0.0,0.0,0.0,0.0,0.0,0.0,0.0,1.0
20,0.63,10,0.0,0.0,0.0,0.0,0.0,0.0,0.0,0.0
20,0.63,4,0.0,0.0,0.0,0.0,0.0,0.0,0.0,
20,0.63,2,0.0,0.0,0.0,0.0,0.0,0.0,0.0,1.0
20,0.63,12,0.0,0.0,0.0,0.0,0.0,0.0,0.0,
20,0.63,21,0.0,0.0,0.0,0.0,0.0,0.0,0.0,
20,0.63,7,0.0,0.0,0.0,0.0,0.0,0.0,0.0,
20,0.63,22,0.0,0.0,0.0,0.0,0.0,0.0,0.0,
30,0.97,1,41.16161616161616,1.0,0.0,0.0,0.5333333333333333,0.0,0.0,1.0
30,0.97,5,0.0,0.0,0.0,0.0,0.0,0.0,0.0,1.0
30,0.97,9,0.0,0.0,0.0,0.0,0.0,0.0,0.0,
30,0.97,6,31.62348057353608,0.9666666666666668,0.0,0.0,0.5,0.0,0.0,0.0
30,0.97,25,29.92424242424242,0.8333333333333334,0.0,0.0,0.0833333333333333,0.0,0.0,
30,0.97,10,0.0,0.0,0.0,0.0,0.0,0.0,0.0,0.0
30,0.97,2,0.0,0.0,0.0,0.0,0.0,0.0,0.0,1.0
30,0.97,4,0.0,0.0,0.0,0.0,0.0,0.0,0.0,1.0
30,0.97,12,0.0,0.0,0.0,0.0,0.0,0.0,0.0,
30,0.97,7,0.0,0.0,0.0,0.0,0.0,0.0,0.0,
30,0.97,22,0.0,0.0,0.0,0.0,0.0,0.0,0.0,
40,1.3,1,41.174242424242415,1.0,0.0,0.0,0.65,0.0,0.0,1.0
40,1.3,5,0.0,0.0,0.0,0.0,0.0,0.0,0.0,1.0
40,1.3,6,23.71761043015205,0.725,0.0,0.0,0.375,0.0,0.0,0.0
40,1.3,9,0.0,0.0,0.0,0.0,0.0,0.0,0.0,
40,1.3,10,0.0,0.0,0.0,0.0,0.0,0.0,0.0,0.0
40,1.3,25,24.48347107438017,0.6818181818181818,0.0,0.0,0.2727272727272727,0.0,0.0,
40,1.3,31,22.573529411764703,0.0,0.0,0.0,0.0,0.0,0.0,
40,1.3,4,0.0,0.0,0.0,0.0,0.0,0.0,0.0,1.0
40,1.3,30,0.0,0.0,0.0,0.0,0.0,0.0,0.0,
40,1.3,2,0.0,0.0,0.0,0.0,0.0,0.0,0.0,1.0
40,1.3,12,0.0,0.0,0.0,0.0,0.0,0.0,0.0,
40,1.3,22,0.0,0.0,0.0,0.0,0.0,0.0,0.0,
50,1.63,1,41.18181818181817,1.0,0.0,0.0,0.72,0.0,0.0,1.0
50,1.63,5,0.0,0.0,0.0,0.0,0.0,0.0,0.0,1.0
50,1.63,6,18.97408834412164,0.58,0.0,0.0,0.3,0.0,0.0,0.0
50,1.63,25,21.653606971444702,0.59375,0.0,0.0,0.3125,0.0,0.0,
50,1.63,9,0.0,0.0,0.0,0.0,0.0,0.0,0.0,
50,1.63,10,0.0,0.0,0.0,0.0,0.0,0.0,0.0,0.0
50,1.63,4,0.0,0.0,0.0,0.0,0.0,0.0,0.0,1.0
50,1.63,2,0.0,0.0,0.0,0.0,0.0,0.0,0.0,1.0
50,1.63,30,0.0,0.0,0.0,0.0,0.0,0.0,0.0,
50,1.63,12,0.0,0.0,0.0,0.0,0.0,0.0,0.0,
50,1.63,22,0.0,0.0,0.0,0.0,0.0,0.0,0.0,
60,1.97,1,41.16472416472416,1.0,0.0,0.0,0.7666666666666667,0.0,0.0,1.0
60,1.97,6,15.811740286768034,0.4833333333333333,0.0,0.0,0.25,0.0,0.0,0.0
60,1.97,25,25.85039151177128,0.6904761904761905,0.0,0.0,0.4761904761904761,0.0,0.0,
60,1.97,9,0.0,0.0,0.0,0.0,0.0,0.0,0.0,
60,1.97,10,0.0,0.0,0.0,0.0,0.0,0.0,0.0,0.0
60,1.97,2,0.0,0.0,0.0,0.0,0.0,0.0,0.0,1.0
60,1.97,4,0.0,0.0,0.0,0.0,0.0,0.0,0.0,1.0
60,1.97,30,0.0,0.0,0.0,0.0,0.0,0.0,0.0,
60,1.97,12,0.0,0.0,0.0,0.0,0.0,0.0,0.0,
60,1.97,22,0.0,0.0,0.0,0.0,0.0,0.0,0.0,
70,2.3,1,41.08784965034963,1.0,0.0,0.0,0.8,0.0,0.0,1.0
70,2.3,2,0.0,0.0,0.0,0.0,0.0,0.0,0.0,1.0
70,2.3,25,28.56308979201288,0.75,0.0,0.0,0.5769230769230769,0.0,0.0,
70,2.3,9,0.0,0.0,0.0,0.0,0.0,0.0,0.0,
70,2.3,3,0.0,0.0,0.0,0.0,0.0,0.0,0.0,1.0
70,2.3,10,0.0,0.0,0.0,0.0,0.0,0.0,0.0,0.0
70,2.3,30,0.0,0.0,0.0,0.0,0.0,0.0,0.0,
70,2.3,4,0.0,0.0,0.0,0.0,0.0,0.0,0.0,1.0
70,2.3,12,0.0,0.0,0.0,0.0,0.0,0.0,0.0,0.0
70,2.3,22,0.0,0.0,0.0,0.0,0.0,0.0,0.0,
80,2.63,1,40.97492229992229,1.0,0.0,0.0,0.88,0.0,0.0,1.0
80,2.63,2,0.0,0.0,0.0,0.0,0.0,0.0,0.0,0.0
80,2.63,25,30.501169748198222,0.7903225806451613,0.0,0.0,0.6451612903225806,0.0,0.0,
80,2.63,9,0.0,0.0,0.0,0.0,0.0,0.0,0.0,
80,2.63,3,0.0,0.0,0.0,0.0,0.0,0.0,0.0,
80,2.63,30,0.0,0.0,0.0,0.0,0.0,0.0,0.0,
80,2.63,10,0.0,0.0,0.0,0.0,0.0,0.0,0.0,0.0
80,2.63,4,0.0,0.0,0.0,0.0,0.0,0.0,0.0,1.0
80,2.63,12,0.0,0.0,0.0,0.0,0.0,0.0,0.0,0.0
80,2.63,22,0.0,0.0,0.0,0.0,0.0,0.0,0.0,
90,2.97,1,40.89114219114219,1.0,0.0,0.0,1.0,0.0,0.0,1.0
90,2.97,2,0.0,0.0,0.0,0.0,0.0,0.0,0.0,0.0
90,2.97,6,13.17645023897336,0.4027777777777778,0.0,0.0,0.2083333333333333,0.0,0.0,0.0
90,2.97,9,0.0,0.0,0.0,0.0,0.0,0.0,0.0,
90,2.97,25,30.83754574470916,0.7916666666666666,0.0,0.0,0.6666666666666666,0.0,0.0,
90,2.97,30,0.0,0.0,0.0,0.0,0.0,0.0,0.0,
90,2.97,10,0.0,0.0,0.0,0.0,0.0,0.0,0.0,0.0
90,2.97,4,0.0,0.0,0.0,0.0,0.0,0.0,0.0,1.0
90,2.97,12,0.0,0.0,0.0,0.0,0.0,0.0,0.0,0.0
90,2.97,22,0.0,0.0,0.0,0.0,0.0,0.0,0.0,
100,3.3,1,40.77119269619269,1.0,0.0,0.0,1.0,0.0,0.0,1.0
100,3.3,2,0.0,0.0,0.0,0.0,0.0,0.0,0.0,
100,3.3,6,9.909787119077611,0.2933333333333333,0.0,0.0,0.2,0.0,0.0,0.0
100,3.3,42,0.0,0.0,0.0,0.0,0.0,0.0,0.0,
100,3.3,25,26.78586209673897,0.68,0.0,0.0,0.6533333333333333,0.0,0.0,
100,3.3,9,0.0,0.0,0.0,0.0,0.0,0.0,0.0,
100,3.3,30,0.0,0.0,0.0,0.0,0.0,0.0,0.0,
100,3.3,10,0.0,0.0,0.0,0.0,0.0,0.0,0.0,0.0
100,3.3,4,0.0,0.0,0.0,0.0,0.0,0.0,0.0,1.0
100,3.3,12,0.0,0.0,0.0,0.0,0.0,0.0,0.0,0.0
100,3.3,22,0.0,0.0,0.0,0.0,0.0,0.0,0.0,
110,3.63,1,40.663422688422685,1.0,0.0,0.0,1.0,0.0,0.0,1.0
110,3.63,2,0.0,0.0,0.0,0.0,0.0,0.0,0.0,1.0
110,3.63,6,5.633317915510329,0.16,0.0,0.0,0.16,0.0,0.0,0.0
110,3.63,42,0.0,0.0,0.0,0.0,0.0,0.0,0.0,
110,3.63,9,0.0,0.0,0.0,0.0,0.0,0.0,0.0,
110,3.63,25,28.12783058373851,0.7066666666666667,0.0,0.0,0.7066666666666667,0.0,0.0,
110,3.63,30,0.0,0.0,0.0,0.0,0.0,0.0,0.0,
110,3.63,31,17.971952087286525,0.5,0.0,0.0,0.5,0.0,0.0,1.0
110,3.63,10,0.0,0.0,0.0,0.0,0.0,0.0,0.0,0.0
110,3.63,12,0.0,0.0,0.0,0.0,0.0,0.0,0.0,0.0
110,3.63,4,0.0,0.0,0.0,0.0,0.0,0.0,0.0,1.0
120,3.97,1,40.54347319347318,1.0,0.0,0.0,1.0,0.0,0.0,1.0
120,3.97,6,0.98743961352657,0.0266666666666666,0.0,0.0,0.0266666666666666,0.0,0.0,0.0
120,3.97,9,0.0,0.0,0.0,0.0,0.0,0.0,0.0,
120,3.97,31,18.84441773043528,0.6,0.0,0.0,0.6,0.0,0.0,1.0
120,3.97,30,0.0,0.0,0.0,0.0,0.0,0.0,0.0,
120,3.97,10,0.0,0.0,0.0,0.0,0.0,0.0,0.0,0.0
120,3.97,12,0.0,0.0,0.0,0.0,0.0,0.0,0.0,0.0
120,3.97,41,0.0,0.0,0.0,0.0,0.0,0.0,0.0,
120,3.97,4,0.0,0.0,0.0,0.0,0.0,0.0,0.0,1.0
130,4.3,55,36.67184800150016,0.9166666666666666,0.0,0.0,0.0,0.0,0.0,
130,4.3,1,40.44788267288268,1.0,0.0,0.0,1.0,0.0,0.0,1.0
130,4.3,6,0.0,0.0,0.0,0.0,0.0,0.0,0.0,0.0
130,4.3,9,0.0,0.0,0.0,0.0,0.0,0.0,0.0,
130,4.3,31,19.557848108696067,0.6666666666666666,0.0,0.0,0.6666666666666666,0.0,0.0,1.0
130,4.3,10,0.0,0.0,0.0,0.0,0.0,0.0,0.0,0.0
130,4.3,30,0.0,0.0,0.0,0.0,0.0,0.0,0.0,
130,4.3,4,0.0,0.0,0.0,0.0,0.0,0.0,0.0,1.0
130,4.3,41,0.0,0.0,0.0,0.0,0.0,0.0,0.0,0.0
140,4.63,55,37.6587139796849,0.9545454545454546,0.0,0.0,0.2727272727272727,0.0,0.0,
140,4.63,1,40.42998251748252,1.0,0.0,0.0,1.0,0.0,0.0,1.0
140,4.63,6,0.0,0.0,0.0,0.0,0.0,0.0,0.0,0.0
140,4.63,9,0.0,0.0,0.0,0.0,0.0,0.0,0.0,
140,4.63,64,0.0,0.0,0.0,0.0,0.0,0.0,0.0,0.0
140,4.63,10,0.0,0.0,0.0,0.0,0.0,0.0,0.0,0.0
140,4.63,30,0.0,0.0,0.0,0.0,0.0,0.0,0.0,
140,4.63,31,17.7549412360252,0.6142857142857143,0.0,0.0,0.6142857142857143,0.0,0.0,1.0
140,4.63,4,0.0,0.0,0.0,0.0,0.0,0.0,0.0,1.0
140,4.63,41,0.0,0.0,0.0,0.0,0.0,0.0,0.0,0.0
150,4.97,55,36.51198083040455,0.96875,0.0,0.0,0.5,0.0,0.0,
150,4.97,1,40.4090811965812,1.0,0.0,0.0,1.0,0.0,0.0,1.0
150,4.97,6,0.0,0.0,0.0,0.0,0.0,0.0,0.0,
150,4.97,9,0.0,0.0,0.0,0.0,0.0,0.0,0.0,
150,4.97,62,0.0,0.0,0.0,0.0,0.0,0.0,0.0,
150,4.97,64,0.0,0.0,0.0,0.0,0.0,0.0,0.0,
150,4.97,30,0.0,0.0,0.0,0.0,0.0,0.0,0.0,
150,4.97,10,0.0,0.0,0.0,0.0,0.0,0.0,0.0,0.0
150,4.97,31,15.081082408525484,0.5733333333333334,0.0,0.0,0.5733333333333334,0.0,0.0,
150,4.97,4,0.0,0.0,0.0,0.0,0.0,0.0,0.0,1.0
150,4.97,41,0.0,0.0,0.0,0.0,0.0,0.0,0.0,0.0
160,5.3,55,35.411607153745365,0.9761904761904762,0.0,0.0,0.6190476190476191,0.0,0.0,
160,5.3,1,40.42820512820513,1.0,0.0,0.0,1.0,0.0,0.0,1.0
160,5.3,74,40.326797385620914,1.0,0.0,0.0,0.0,0.0,0.0,
160,5.3,72,0.0,0.0,0.0,0.0,0.0,0.0,0.0,
160,5.3,6,0.0,0.0,0.0,0.0,0.0,0.0,0.0,
160,5.3,30,0.0,0.0,0.0,0.0,0.0,0.0,0.0,
160,5.3,10,0.0,0.0,0.0,0.0,0.0,0.0,0.0,0.0
160,5.3,4,0.0,0.0,0.0,0.0,0.0,0.0,0.0,1.0
160,5.3,41,0.0,0.0,0.0,0.0,0.0,0.0,0.0,0.0
170,5.63,55,34.79216357307898,0.9807692307692308,0.0,0.0,0.6923076923076923,0.0,0.0,
170,5.63,1,40.45077330077329,1.0,0.0,0.0,1.0,0.0,0.0,1.0
170,5.63,72,0.0,0.0,0.0,0.0,0.0,0.0,0.0,
170,5.63,74,36.98230045130756,0.9473684210526316,0.0,0.0,0.2631578947368421,0.0,0.0,1.0
170,5.63,6,0.0,0.0,0.0,0.0,0.0,0.0,0.0,0.0
170,5.63,10,0.0,0.0,0.0,0.0,0.0,0.0,0.0,0.0
170,5.63,30,0.0,0.0,0.0,0.0,0.0,0.0,0.0,
170,5.63,41,0.0,0.0,0.0,0.0,0.0,0.0,0.0,0.0
170,5.63,4,0.0,0.0,0.0,0.0,0.0,0.0,0.0,1.0
170,5.63,7,0.0,0.0,0.0,0.0,0.0,0.0,0.0,
180,5.97,1,40.51075059187414,1.0,0.0,0.0,1.0,0.0,0.0,1.0
180,5.97,55,34.1375869792341,0.9833333333333332,0.0,0.0,0.7333333333333333,0.0,0.0,
180,5.97,72,0.0,0.0,0.0,0.0,0.0,0.0,0.0,
180,5.97,6,0.0,0.0,0.0,0.0,0.0,0.0,0.0,0.0
180,5.97,74,32.7321627916486,0.8620689655172413,0.0,0.0,0.4137931034482758,0.0,0.0,1.0
180,5.97,10,0.0,0.0,0.0,0.0,0.0,0.0,0.0,0.0
180,5.97,30,0.0,0.0,0.0,0.0,0.0,0.0,0.0,
180,5.97,41,0.0,0.0,0.0,0.0,0.0,0.0,0.0,
180,5.97,4,0.0,0.0,0.0,0.0,0.0,0.0,0.0,1.0
180,5.97,7,0.0,0.0,0.0,0.0,0.0,0.0,0.0,
190,6.3,1,40.53979099591455,1.0,0.0,0.0,1.0,0.0,0.0,1.0
190,6.3,72,0.0,0.0,0.0,0.0,0.0,0.0,0.0,
190,6.3,6,0.0,0.0,0.0,0.0,0.0,0.0,0.0,0.0
190,6.3,10,0.0,0.0,0.0,0.0,0.0,0.0,0.0,0.0
190,6.3,30,0.0,0.0,0.0,0.0,0.0,0.0,0.0,
190,6.3,74,25.218421416500608,0.6666666666666666,0.0,0.0,0.3333333333333333,0.0,0.0,1.0
190,6.3,4,0.0,0.0,0.0,0.0,0.0,0.0,0.0,1.0
190,6.3,41,0.0,0.0,0.0,0.0,0.0,0.0,0.0,1.0
190,6.3,7,0.0,0.0,0.0,0.0,0.0,0.0,0.0,
200,6.63,1,40.54256877369233,1.0,0.0,0.0,1.0,0.0,0.0,1.0
200,6.63,55,33.06549268164068,0.9864864864864864,0.0,0.0,0.7837837837837838,0.0,0.0,
200,6.63,72,0.0,0.0,0.0,0.0,0.0,0.0,0.0,
200,6.63,6,0.0,0.0,0.0,0.0,0.0,0.0,0.0,0.0
200,6.63,74,20.07180480088824,0.5306122448979592,0.0,0.0,0.2653061224489796,0.0,0.0,1.0
200,6.63,107,0.0,0.0,0.0,0.0,0.0,0.0,0.0,
200,6.63,10,0.0,0.0,0.0,0.0,0.0,0.0,0.0,0.0
200,6.63,4,0.0,0.0,0.0,0.0,0.0,0.0,0.0,
200,6.63,41,0.0,0.0,0.0,0.0,0.0,0.0,0.0,0.0
200,6.63,7,0.0,0.0,0.0,0.0,0.0,0.0,0.0,
200,6.63,93,0.0,0.0,0.0,0.0,0.0,0.0,0.0,
210,6.97,1,40.49353031215388,1.0,0.0,0.0,1.0,0.0,0.0,1.0
210,6.97,72,0.0,0.0,0.0,0.0,0.0,0.0,0.0,
210,6.97,55,31.94316820710524,1.0,0.0,0.0,0.9066666666666666,0.0,0.0,
210,6.97,6,0.0,0.0,0.0,0.0,0.0,0.0,0.0,0.0
210,6.97,10,0.0,0.0,0.0,0.0,0.0,0.0,0.0,0.0
210,6.97,107,0.0,0.0,0.0,0.0,0.0,0.0,0.0,
210,6.97,74,16.669803987178366,0.4406779661016949,0.0,0.0,0.2203389830508474,0.0,0.0,
210,6.97,4,0.0,0.0,0.0,0.0,0.0,0.0,0.0,
210,6.97,41,0.0,0.0,0.0,0.0,0.0,0.0,0.0,0.0
210,6.97,7,0.0,0.0,0.0,0.0,0.0,0.0,0.0,
210,6.97,93,0.0,0.0,0.0,0.0,0.0,0.0,0.0,
220,7.3,1,40.608409295178014,1.0,0.0,0.0,1.0,0.0,0.0,1.0
220,7.3,72,0.0,0.0,0.0,0.0,0.0,0.0,0.0,
220,7.3,55,30.010041169884957,1.0,0.0,0.0,1.0,0.0,0.0,
220,7.3,6,0.0,0.0,0.0,0.0,0.0,0.0,0.0,0.0
220,7.3,107,0.0,0.0,0.0,0.0,0.0,0.0,0.0,
220,7.3,10,0.0,0.0,0.0,0.0,0.0,0.0,0.0,
220,7.3,4,0.0,0.0,0.0,0.0,0.0,0.0,0.0,
220,7.3,41,0.0,0.0,0.0,0.0,0.0,0.0,0.0,0.0
220,7.3,7,0.0,0.0,0.0,0.0,0.0,0.0,0.0,
220,7.3,93,0.0,0.0,0.0,0.0,0.0,0.0,0.0,
220,7.3,74,14.253890365848168,0.3768115942028985,0.0,0.0,0.1884057971014492,0.0,0.0,
220,7.3,127,0.0,0.0,0.0,0.0,0.0,0.0,0.0,
230,7.63,1,40.80607737190667,1.0,0.0,0.0,1.0,0.0,0.0,1.0
230,7.63,72,0.0,0.0,0.0,0.0,0.0,0.0,0.0,
230,7.63,6,0.0,0.0,0.0,0.0,0.0,0.0,0.0,0.0
230,7.63,10,0.0,0.0,0.0,0.0,0.0,0.0,0.0,
230,7.63,55,25.987955878899346,0.8933333333333333,0.0,0.0,0.8933333333333333,0.0,0.0,
230,7.63,4,0.0,0.0,0.0,0.0,0.0,0.0,0.0,
230,7.63,41,0.0,0.0,0.0,0.0,0.0,0.0,0.0,0.0
230,7.63,7,0.0,0.0,0.0,0.0,0.0,0.0,0.0,
230,7.63,74,10.956716391482276,0.2933333333333333,0.0,0.0,0.1733333333333333,0.0,0.0,
230,7.63,93,0.0,0.0,0.0,0.0,0.0,0.0,0.0,
230,7.63,127,0.0,0.0,0.0,0.0,0.0,0.0,0.0,
230,7.63,133,0.0,0.0,0.0,0.0,0.0,0.0,0.0,
240,7.97,1,40.8536880945174,1.0,0.0,0.0,1.0,0.0,0.0,1.0
240,7.97,157,33.147534583593284,1.0,0.0,0.0,0.1111111111111111,0.0,0.0,
240,7.97,72,0.0,0.0,0.0,0.0,0.0,0.0,0.0,
240,7.97,6,0.0,0.0,0.0,0.0,0.0,0.0,0.0,0.0
240,7.97,152,0.0,0.0,0.0,0.0,0.0,0.0,0.0,
240,7.97,158,0.0,0.0,0.0,0.0,0.0,0.0,0.0,
240,7.97,10,0.0,0.0,0.0,0.0,0.0,0.0,0.0,
240,7.97,4,0.0,0.0,0.0,0.0,0.0,0.0,0.0,
240,7.97,41,0.0,0.0,0.0,0.0,0.0,0.0,0.0,0.0
240,7.97,7,0.0,0.0,0.0,0.0,0.0,0.0,0.0,
240,7.97,156,0.0,0.0,0.0,0.0,0.0,0.0,0.0,
240,7.97,127,0.0,0.0,0.0,0.0,0.0,0.0,0.0,
240,7.97,133,0.0,0.0,0.0,0.0,0.0,0.0,0.0,
250,8.3,1,40.90745523538131,1.0,0.0,0.0,1.0,0.0,0.0,1.0
250,8.3,157,32.51300618086061,1.0,0.0,0.0,0.5789473684210527,0.0,0.0,
250,8.3,72,0.0,0.0,0.0,0.0,0.0,0.0,0.0,
250,8.3,6,0.0,0.0,0.0,0.0,0.0,0.0,0.0,0.0
250,8.3,152,0.0,0.0,0.0,0.0,0.0,0.0,0.0,
250,8.3,164,4.897959183673469,0.1428571428571428,0.0,0.0,0.1428571428571428,0.0,0.0,
250,8.3,158,0.0,0.0,0.0,0.0,0.0,0.0,0.0,
250,8.3,10,0.0,0.0,0.0,0.0,0.0,0.0,0.0,
250,8.3,41,0.0,0.0,0.0,0.0,0.0,0.0,0.0,0.0
250,8.3,4,0.0,0.0,0.0,0.0,0.0,0.0,0.0,
250,8.3,7,0.0,0.0,0.0,0.0,0.0,0.0,0.0,
250,8.3,156,0.0,0.0,0.0,0.0,0.0,0.0,0.0,
250,8.3,127,0.0,0.0,0.0,0.0,0.0,0.0,0.0,
250,8.3,133,0.0,0.0,0.0,0.0,0.0,0.0,0.0,
260,8.63,1,40.9141107738165,1.0,0.0,0.0,1.0,0.0,0.0,1.0
260,8.63,157,31.11701455558856,1.0,0.0,0.0,0.7241379310344828,0.0,0.0,
260,8.63,6,0.0,0.0,0.0,0.0,0.0,0.0,0.0,0.0
260,8.63,72,0.0,0.0,0.0,0.0,0.0,0.0,0.0,
260,8.63,152,0.0,0.0,0.0,0.0,0.0,0.0,0.0,
260,8.63,164,2.8571428571428563,0.0833333333333333,0.0,0.0,0.0833333333333333,0.0,0.0,
260,8.63,10,0.0,0.0,0.0,0.0,0.0,0.0,0.0,0.0
260,8.63,4,0.0,0.0,0.0,0.0,0.0,0.0,0.0,
260,8.63,41,0.0,0.0,0.0,0.0,0.0,0.0,0.0,1.0
260,8.63,7,0.0,0.0,0.0,0.0,0.0,0.0,0.0,
260,8.63,93,0.0,0.0,0.0,0.0,0.0,0.0,0.0,
260,8.63,156,0.0,0.0,0.0,0.0,0.0,0.0,0.0,
260,8.63,127,0.0,0.0,0.0,0.0,0.0,0.0,0.0,
260,8.63,133,0.0,0.0,0.0,0.0,0.0,0.0,0.0,
270,8.97,1,41.06698277743478,1.0,0.0,0.0,1.0,0.0,0.0,1.0
270,8.97,157,29.99572968700809,1.0,0.0,0.0,0.7948717948717948,0.0,0.0,
270,8.97,72,0.0,0.0,0.0,0.0,0.0,0.0,0.0,
270,8.97,6,0.0,0.0,0.0,0.0,0.0,0.0,0.0,0.0
270,8.97,164,6.415783704786261,0.1764705882352941,0.0,0.0,0.1764705882352941,0.0,0.0,
270,8.97,152,0.0,0.0,0.0,0.0,0.0,0.0,0.0,
270,8.97,10,0.0,0.0,0.0,0.0,0.0,0.0,0.0,0.0
270,8.97,41,0.0,0.0,0.0,0.0,0.0,0.0,0.0,1.0
270,8.97,4,0.0,0.0,0.0,0.0,0.0,0.0,0.0,
270,8.97,7,0.0,0.0,0.0,0.0,0.0,0.0,0.0,
270,8.97,156,0.0,0.0,0.0,0.0,0.0,0.0,0.0,
270,8.97,127,0.0,0.0,0.0,0.0,0.0,0.0,0.0,
270,8.97,133,0.0,0.0,0.0,0.0,0.0,0.0,0.0,
280,9.3,1,41.25331249249584,1.0,0.0,0.0,1.0,0.0,0.0,1.0
280,9.3,157,29.693044086698173,1.0,0.0,0.0,0.8367346938775511,0.0,0.0,
280,9.3,6,0.0,0.0,0.0,0.0,0.0,0.0,0.0,0.0
280,9.3,72,0.0,0.0,0.0,0.0,0.0,0.0,0.0,
280,9.3,167,38.02170888118092,1.0,0.0,0.0,1.0,0.0,0.0,
280,9.3,164,11.756070016939582,0.3181818181818182,0.0,0.0,0.3181818181818182,0.0,0.0,1.0
280,9.3,107,0.0,0.0,0.0,0.0,0.0,0.0,0.0,
280,9.3,10,0.0,0.0,0.0,0.0,0.0,0.0,0.0,0.0
280,9.3,41,0.0,0.0,0.0,0.0,0.0,0.0,0.0,
280,9.3,4,0.0,0.0,0.0,0.0,0.0,0.0,0.0,
280,9.3,7,0.0,0.0,0.0,0.0,0.0,0.0,0.0,
280,9.3,156,0.0,0.0,0.0,0.0,0.0,0.0,0.0,
280,9.3,93,0.0,0.0,0.0,0.0,0.0,0.0,0.0,
280,9.3,127,0.0,0.0,0.0,0.0,0.0,0.0,0.0,
280,9.3,133,0.0,0.0,0.0,0.0,0.0,0.0,0.0,
290,9.63,1,41.39574636325784,1.0,0.0,0.0,1.0,0.0,0.0,1.0
290,9.63,6,0.0,0.0,0.0,0.0,0.0,0.0,0.0,0.0
290,9.63,157,30.180421192797912,1.0,0.0,0.0,0.864406779661017,0.0,0.0,
290,9.63,72,0.0,0.0,0.0,0.0,0.0,0.0,0.0,
290,9.63,152,0.0,0.0,0.0,0.0,0.0,0.0,0.0,
290,9.63,164,9.57902001380262,0.2592592592592592,0.0,0.0,0.2592592592592592,0.0,0.0,1.0
290,9.63,167,29.99885933104655,0.8095238095238095,0.0,0.0,0.8095238095238095,0.0,0.0,1.0
290,9.63,10,0.0,0.0,0.0,0.0,0.0,0.0,0.0,0.0
290,9.63,41,0.0,0.0,0.0,0.0,0.0,0.0,0.0,1.0
290,9.63,4,0.0,0.0,0.0,0.0,0.0,0.0,0.0,
290,9.63,156,0.0,0.0,0.0,0.0,0.0,0.0,0.0,
290,9.63,127,0.0,0.0,0.0,0.0,0.0,0.0,0.0,
300,9.97,157,31.31873897001736,1.0,0.0,0.0,0.8840579710144928,0.0,0.0,
300,9.97,1,41.3841923574913,1.0,0.0,0.0,1.0,0.0,0.0,1.0
300,9.97,72,0.0,0.0,0.0,0.0,0.0,0.0,0.0,
300,9.97,176,38.9405314133394,1.0,0.0,0.0,0.0833333333333333,0.0,0.0,
300,9.97,164,13.214873894221718,0.359375,0.0,0.0,0.359375,0.0,0.0,1.0
300,9.97,152,0.0,0.0,0.0,0.0,0.0,0.0,0.0,
300,9.97,10,0.0,0.0,0.0,0.0,0.0,0.0,0.0,0.0
300,9.97,41,0.0,0.0,0.0,0.0,0.0,0.0,0.0,1.0
300,9.97,4,0.0,0.0,0.0,0.0,0.0,0.0,0.0,
300,9.97,156,0.0,0.0,0.0,0.0,0.0,0.0,0.0,
300,9.97,127,0.0,0.0,0.0,0.0,0.0,0.0,0.0,
310,10.3,1,41.38729183337392,1.0,0.0,0.0,1.0,0.0,0.0,1.0
310,10.3,72,0.0,0.0,0.0,0.0,0.0,0.0,0.0,
310,10.3,152,0.0,0.0,0.0,0.0,0.0,0.0,0.0,
310,10.3,164,13.94572720659677,0.3783783783783784,0.0,0.0,0.3783783783783784,0.0,0.0,1.0
310,10.3,10,0.0,0.0,0.0,0.0,0.0,0.0,0.0,
310,10.3,41,0.0,0.0,0.0,0.0,0.0,0.0,0.0,1.0
310,10.3,4,0.0,0.0,0.0,0.0,0.0,0.0,0.0,
310,10.3,7,0.0,0.0,0.0,0.0,0.0,0.0,0.0,
310,10.3,93,0.0,0.0,0.0,0.0,0.0,0.0,0.0,1.0
310,10.3,127,0.0,0.0,0.0,0.0,0.0,0.0,0.0,
320,10.63,1,41.46138285672965,1.0,0.0,0.0,1.0,0.0,0.0,1.0
320,10.63,72,0.0,0.0,0.0,0.0,0.0,0.0,0.0,
320,10.63,164,15.753798858146684,0.4266666666666667,0.0,0.0,0.4266666666666667,0.0,0.0,1.0
320,10.63,152,0.0,0.0,0.0,0.0,0.0,0.0,0.0,
320,10.63,176,34.726992376483054,0.9090909090909092,0.0,0.0,0.4090909090909091,0.0,0.0,
320,10.63,10,0.0,0.0,0.0,0.0,0.0,0.0,0.0,
320,10.63,41,0.0,0.0,0.0,0.0,0.0,0.0,0.0,0.0
320,10.63,188,0.0,0.0,0.0,0.0,0.0,0.0,0.0,1.0
320,10.63,4,0.0,0.0,0.0,0.0,0.0,0.0,0.0,
320,10.63,93,0.0,0.0,0.0,0.0,0.0,0.0,0.0,
320,10.63,189,0.0,0.0,0.0,0.0,0.0,0.0,0.0,
320,10.63,127,0.0,0.0,0.0,0.0,0.0,0.0,0.0,
330,10.97,1,41.549170369187934,1.0,0.0,0.0,1.0,0.0,0.0,1.0
330,10.97,204,45.0,1.0,0.0,0.0,0.1666666666666666,0.0,0.0,
330,10.97,72,0.0,0.0,0.0,0.0,0.0,0.0,0.0,
330,10.97,152,0.0,0.0,0.0,0.0,0.0,0.0,0.0,
330,10.97,164,20.54189723320158,0.56,0.0,0.0,0.56,0.0,0.0,1.0
330,10.97,10,0.0,0.0,0.0,0.0,0.0,0.0,0.0,
330,10.97,41,0.0,0.0,0.0,0.0,0.0,0.0,0.0,
330,10.97,188,0.0,0.0,0.0,0.0,0.0,0.0,0.0,
330,10.97,4,0.0,0.0,0.0,0.0,0.0,0.0,0.0,
330,10.97,7,0.0,0.0,0.0,0.0,0.0,0.0,0.0,
330,10.97,93,0.0,0.0,0.0,0.0,0.0,0.0,0.0,1.0
330,10.97,189,0.0,0.0,0.0,0.0,0.0,0.0,0.0,
330,10.97,127,0.0,0.0,0.0,0.0,0.0,0.0,0.0,1.0
340,11.3,216,25.22830368830707,0.9,0.0,0.0,0.0,0.0,0.0,
340,11.3,1,41.56932804781795,1.0,0.0,0.0,1.0,0.0,0.0,1.0
340,11.3,72,0.0,0.0,0.0,0.0,0.0,0.0,0.0,
340,11.3,6,0.0,0.0,0.0,0.0,0.0,0.0,0.0,0.0
340,11.3,164,25.157119220516584,0.6933333333333334,0.0,0.0,0.6933333333333334,0.0,0.0,1.0
340,11.3,217,32.41289198606272,1.0,0.0,0.0,0.0,0.0,0.0,
340,11.3,223,0.0,0.0,0.0,0.0,0.0,0.0,0.0,
340,11.3,10,0.0,0.0,0.0,0.0,0.0,0.0,0.0,0.0
340,11.3,93,0.0,0.0,0.0,0.0,0.0,0.0,0.0,
340,11.3,4,0.0,0.0,0.0,0.0,0.0,0.0,0.0,
340,11.3,7,0.0,0.0,0.0,0.0,0.0,0.0,0.0,
340,11.3,189,0.0,0.0,0.0,0.0,0.0,0.0,0.0,
340,11.3,127,0.0,0.0,0.0,0.0,0.0,0.0,0.0,1.0
350,11.63,216,25.943954104040536,0.95,0.0,0.0,0.3,0.0,0.0,
350,11.63,1,41.54859472384221,1.0,0.0,0.0,1.0,0.0,0.0,1.0
350,11.63,72,0.0,0.0,0.0,0.0,0.0,0.0,0.0,
350,11.63,226,0.0,0.0,0.0,0.0,0.0,0.0,0.0,1.0
350,11.63,6,0.0,0.0,0.0,0.0,0.0,0.0,0.0,0.0
350,11.63,217,31.81162891986063,1.0,0.0,0.0,0.3,0.0,0.0,
350,11.63,164,25.241591270206023,0.7066666666666667,0.0,0.0,0.7066666666666667,0.0,0.0,1.0
350,11.63,10,0.0,0.0,0.0,0.0,0.0,0.0,0.0,0.0
350,11.63,41,0.0,0.0,0.0,0.0,0.0,0.0,0.0,
350,11.63,4,0.0,0.0,0.0,0.0,0.0,0.0,0.0,
350,11.63,7,0.0,0.0,0.0,0.0,0.0,0.0,0.0,
350,11.63,189,0.0,0.0,0.0,0.0,0.0,0.0,0.0,
350,11.63,127,0.0,0.0,0.0,0.0,0.0,0.0,0.0,1.0
360,11.97,216,26.50660897655781,0.9666666666666668,0.0,0.0,0.5333333333333333,0.0,0.0,
360,11.97,1,41.6072162173023,1.0,0.0,0.0,1.0,0.0,0.0,1.0
360,11.97,72,0.0,0.0,0.0,0.0,0.0,0.0,0.0,
360,11.97,217,31.36566008517228,1.0,0.0,0.0,0.5333333333333333,0.0,0.0,
360,11.97,164,28.16463828328486,0.8,0.0,0.0,0.8,0.0,0.0,1.0
360,11.97,226,0.0,0.0,0.0,0.0,0.0,0.0,0.0,1.0
360,11.97,10,0.0,0.0,0.0,0.0,0.0,0.0,0.0,0.0
360,11.97,41,0.0,0.0,0.0,0.0,0.0,0.0,0.0,1.0
360,11.97,4,0.0,0.0,0.0,0.0,0.0,0.0,0.0,
360,11.97,7,0.0,0.0,0.0,0.0,0.0,0.0,0.0,
360,11.97,189,0.0,0.0,0.0,0.0,0.0,0.0,0.0,
360,11.97,127,0.0,0.0,0.0,0.0,0.0,0.0,0.0,1.0
370,12.3,216,28.197096859741805,0.975,0.0,0.0,0.65,0.0,0.0,
370,12.3,1,41.60704771932872,1.0,0.0,0.0,1.0,0.0,0.0,1.0
370,12.3,6,0.0,0.0,0.0,0.0,0.0,0.0,0.0,0.0
370,12.3,217,30.511677587495942,1.0,0.0,0.0,0.65,0.0,0.0,
370,12.3,164,30.789098917501583,0.88,0.0,0.0,0.88,0.0,0.0,1.0
370,12.3,10,0.0,0.0,0.0,0.0,0.0,0.0,0.0,0.0
370,12.3,62,0.0,0.0,0.0,0.0,0.0,0.0,0.0,
370,12.3,226,0.0,0.0,0.0,0.0,0.0,0.0,0.0,1.0
370,12.3,41,0.0,0.0,0.0,0.0,0.0,0.0,0.0,1.0
370,12.3,4,0.0,0.0,0.0,0.0,0.0,0.0,0.0,
370,12.3,7,0.0,0.0,0.0,0.0,0.0,0.0,0.0,
370,12.3,189,0.0,0.0,0.0,0.0,0.0,0.0,0.0,
370,12.3,127,0.0,0.0,0.0,0.0,0.0,0.0,0.0,1.0
380,12.63,216,28.579246692813356,0.98,0.0,0.0,0.72,0.0,0.0,
380,12.63,1,41.528972170840525,1.0,0.0,0.0,1.0,0.0,0.0,1.0
380,12.63,164,30.45513965128752,0.88,0.0,0.0,0.88,0.0,0.0,1.0
380,12.63,10,0.0,0.0,0.0,0.0,0.0,0.0,0.0,0.0
380,12.63,226,0.0,0.0,0.0,0.0,0.0,0.0,0.0,1.0
380,12.63,62,0.0,0.0,0.0,0.0,0.0,0.0,0.0,
380,12.63,217,29.762243554477177,1.0,0.0,0.0,0.72,0.0,0.0,
380,12.63,4,0.0,0.0,0.0,0.0,0.0,0.0,0.0,
380,12.63,7,0.0,0.0,0.0,0.0,0.0,0.0,0.0,
380,12.63,41,0.0,0.0,0.0,0.0,0.0,0.0,0.0,0.0
380,12.63,189,0.0,0.0,0.0,0.0,0.0,0.0,0.0,
380,12.63,127,0.0,0.0,0.0,0.0,0.0,0.0,0.0,
390,12.97,216,28.976743881241912,0.9833333333333332,0.0,0.0,0.7666666666666667,0.0,0.0,
390,12.97,1,41.44215137286959,1.0,0.0,0.0,1.0,0.0,0.0,1.0
390,12.97,226,0.0,0.0,0.0,0.0,0.0,0.0,0.0,1.0
390,12.97,164,34.60315132953175,1.0,0.0,0.0,1.0,0.0,0.0,1.0
390,12.97,10,0.0,0.0,0.0,0.0,0.0,0.0,0.0,0.0
390,12.97,217,28.8114401235956,0.9833333333333332,0.0,0.0,0.75,0.0,0.0,
390,12.97,4,0.0,0.0,0.0,0.0,0.0,0.0,0.0,
390,12.97,7,0.0,0.0,0.0,0.0,0.0,0.0,0.0,
390,12.97,189,0.0,0.0,0.0,0.0,0.0,0.0,0.0,
390,12.97,127,0.0,0.0,0.0,0.0,0.0,0.0,0.0,
400,13.3,216,29.34747307617325,0.9857142857142858,0.0,0.0,0.8,0.0,0.0,
400,13.3,1,41.3152257377789,1.0,0.0,0.0,1.0,0.0,0.0,1.0
400,13.3,6,0.0,0.0,0.0,0.0,0.0,0.0,0.0,0.0
400,13.3,259,0.0,0.0,0.0,0.0,0.0,0.0,0.0,
400,13.3,10,0.0,0.0,0.0,0.0,0.0,0.0,0.0,0.0
400,13.3,164,34.33575688822427,1.0,0.0,0.0,1.0,0.0,0.0,1.0
400,13.3,263,0.0,0.0,0.0,0.0,0.0,0.0,0.0,0.0
400,13.3,217,25.065268005098744,0.8571428571428571,0.0,0.0,0.6571428571428571,0.0,0.0,
400,13.3,266,0.0,0.0,0.0,0.0,0.0,0.0,0.0,
400,13.3,4,0.0,0.0,0.0,0.0,0.0,0.0,0.0,
400,13.3,7,0.0,0.0,0.0,0.0,0.0,0.0,0.0,
400,13.3,189,0.0,0.0,0.0,0.0,0.0,0.0,0.0,
400,13.3,127,0.0,0.0,0.0,0.0,0.0,0.0,0.0,
410,13.63,216,30.498099874373366,0.9866666666666668,0.0,0.0,0.88,0.0,0.0,
410,13.63,1,41.18685852407368,1.0,0.0,0.0,1.0,0.0,0.0,1.0
410,13.63,6,0.0,0.0,0.0,0.0,0.0,0.0,0.0,0.0
410,13.63,259,0.0,0.0,0.0,0.0,0.0,0.0,0.0,
410,13.63,164,34.19888987926423,1.0,0.0,0.0,1.0,0.0,0.0,1.0
410,13.63,262,0.0,0.0,0.0,0.0,0.0,0.0,0.0,
410,13.63,10,0.0,0.0,0.0,0.0,0.0,0.0,0.0,0.0
410,13.63,263,0.0,0.0,0.0,0.0,0.0,0.0,0.0,0.0
410,13.63,217,21.2391978732838,0.7333333333333333,0.0,0.0,0.6133333333333333,0.0,0.0,
410,13.63,266,0.0,0.0,0.0,0.0,0.0,0.0,0.0,
410,13.63,4,0.0,0.0,0.0,0.0,0.0,0.0,0.0,
410,13.63,7,0.0,0.0,0.0,0.0,0.0,0.0,0.0,
410,13.63,189,0.0,0.0,0.0,0.0,0.0,0.0,0.0,
410,13.63,127,0.0,0.0,0.0,0.0,0.0,0.0,0.0,
420,13.97,216,31.99560492505091,1.0,0.0,0.0,0.9866666666666668,0.0,0.0,
420,13.97,1,41.10361042888528,1.0,0.0,0.0,1.0,0.0,0.0,1.0
420,13.97,6,0.0,0.0,0.0,0.0,0.0,0.0,0.0,0.0
420,13.97,263,0.0,0.0,0.0,0.0,0.0,0.0,0.0,0.0
420,13.97,262,0.0,0.0,0.0,0.0,0.0,0.0,0.0,
420,13.97,259,0.0,0.0,0.0,0.0,0.0,0.0,0.0,
420,13.97,164,34.19888987926424,1.0,0.0,0.0,1.0,0.0,0.0,1.0
420,13.97,217,16.9631816131212,0.6,0.0,0.0,0.6,0.0,0.0,
420,13.97,10,0.0,0.0,0.0,0.0,0.0,0.0,0.0,0.0
420,13.97,266,0.0,0.0,0.0,0.0,0.0,0.0,0.0,
420,13.97,4,0.0,0.0,0.0,0.0,0.0,0.0,0.0,
420,13.97,7,0.0,0.0,0.0,0.0,0.0,0.0,0.0,
420,13.97,189,0.0,0.0,0.0,0.0,0.0,0.0,0.0,
420,13.97,127,0.0,0.0,0.0,0.0,0.0,0.0,0.0,1.0
430,14.3,269,32.34453781512604,1.0,0.0,0.0,0.0,0.0,0.0,
430,14.3,1,40.93769620679184,1.0,0.0,0.0,1.0,0.0,0.0,1.0
430,14.3,263,0.0,0.0,0.0,0.0,0.0,0.0,0.0,0.0
430,14.3,6,0.0,0.0,0.0,0.0,0.0,0.0,0.0,0.0
430,14.3,164,34.33784404289225,1.0,0.0,0.0,1.0,0.0,0.0,1.0
430,14.3,10,0.0,0.0,0.0,0.0,0.0,0.0,0.0,0.0
430,14.3,248,0.0,0.0,0.0,0.0,0.0,0.0,0.0,
430,14.3,4,0.0,0.0,0.0,0.0,0.0,0.0,0.0,
430,14.3,7,0.0,0.0,0.0,0.0,0.0,0.0,0.0,
430,14.3,189,0.0,0.0,0.0,0.0,0.0,0.0,0.0,
430,14.3,127,0.0,0.0,0.0,0.0,0.0,0.0,0.0,1.0
440,14.63,1,40.70264433096412,1.0,0.0,0.0,1.0,0.0,0.0,1.0
440,14.63,269,30.49053444936044,1.0,0.0,0.0,0.4,0.0,0.0,
440,14.63,10,0.0,0.0,0.0,0.0,0.0,0.0,0.0,0.0
440,14.63,6,0.0,0.0,0.0,0.0,0.0,0.0,0.0,0.0
440,14.63,226,0.0,0.0,0.0,0.0,0.0,0.0,0.0,1.0
440,14.63,164,34.407530454042075,1.0,0.0,0.0,1.0,0.0,0.0,1.0
440,14.63,248,0.0,0.0,0.0,0.0,0.0,0.0,0.0,
440,14.63,292,0.0,0.0,0.0,0.0,0.0,0.0,0.0,0.0
440,14.63,4,0.0,0.0,0.0,0.0,0.0,0.0,0.0,
440,14.63,7,0.0,0.0,0.0,0.0,0.0,0.0,0.0,
440,14.63,189,0.0,0.0,0.0,0.0,0.0,0.0,0.0,
440,14.63,127,0.0,0.0,0.0,0.0,0.0,0.0,0.0,1.0
450,14.97,1,40.46527639210364,1.0,0.0,0.0,1.0,0.0,0.0,1.0
450,14.97,269,31.941788061175014,1.0,0.0,0.0,0.64,0.0,0.0,
450,14.97,6,0.0,0.0,0.0,0.0,0.0,0.0,0.0,0.0
450,14.97,62,0.0,0.0,0.0,0.0,0.0,0.0,0.0,
450,14.97,164,34.41860465116279,1.0,0.0,0.0,1.0,0.0,0.0,1.0
450,14.97,10,0.0,0.0,0.0,0.0,0.0,0.0,0.0,0.0
450,14.97,248,0.0,0.0,0.0,0.0,0.0,0.0,0.0,
450,14.97,292,0.0,0.0,0.0,0.0,0.0,0.0,0.0,0.0
450,14.97,4,0.0,0.0,0.0,0.0,0.0,0.0,0.0,
450,14.97,234,0.0,0.0,0.0,0.0,0.0,0.0,0.0,
450,14.97,7,0.0,0.0,0.0,0.0,0.0,0.0,0.0,
450,14.97,307,0.0,0.0,0.0,0.0,0.0,0.0,0.0,
450,14.97,189,0.0,0.0,0.0,0.0,0.0,0.0,0.0,
450,14.97,127,0.0,0.0,0.0,0.0,0.0,0.0,0.0,
460,15.3,269,33.131688300775515,1.0,0.0,0.0,0.7428571428571429,0.0,0.0,
460,15.3,1,40.21492121446152,1.0,0.0,0.0,1.0,0.0,0.0,1.0
460,15.3,62,0.0,0.0,0.0,0.0,0.0,0.0,0.0,
460,15.3,6,0.0,0.0,0.0,0.0,0.0,0.0,0.0,0.0
460,15.3,164,34.418604651162795,1.0,0.0,0.0,1.0,0.0,0.0,1.0
460,15.3,10,0.0,0.0,0.0,0.0,0.0,0.0,0.0,0.0
460,15.3,248,0.0,0.0,0.0,0.0,0.0,0.0,0.0,
460,15.3,4,0.0,0.0,0.0,0.0,0.0,0.0,0.0,
460,15.3,292,0.0,0.0,0.0,0.0,0.0,0.0,0.0,0.0
460,15.3,234,0.0,0.0,0.0,0.0,0.0,0.0,0.0,1.0
460,15.3,307,0.0,0.0,0.0,0.0,0.0,0.0,0.0,
460,15.3,7,0.0,0.0,0.0,0.0,0.0,0.0,0.0,
460,15.3,189,0.0,0.0,0.0,0.0,0.0,0.0,0.0,
460,15.3,127,0.0,0.0,0.0,0.0,0.0,0.0,0.0,
470,15.63,269,32.6527530624522,1.0,0.0,0.0,0.8,0.0,0.0,
470,15.63,1,39.90299360248131,1.0,0.0,0.0,1.0,0.0,0.0,1.0
470,15.63,6,0.0,0.0,0.0,0.0,0.0,0.0,0.0,0.0
470,15.63,164,34.45182724252491,1.0,0.0,0.0,1.0,0.0,0.0,1.0
470,15.63,333,0.0,0.0,0.0,0.0,0.0,0.0,0.0,
470,15.63,10,0.0,0.0,0.0,0.0,0.0,0.0,0.0,0.0
470,15.63,292,0.0,0.0,0.0,0.0,0.0,0.0,0.0,0.0
470,15.63,4,0.0,0.0,0.0,0.0,0.0,0.0,0.0,
470,15.63,234,0.0,0.0,0.0,0.0,0.0,0.0,0.0,1.0
470,15.63,7,0.0,0.0,0.0,0.0,0.0,0.0,0.0,
470,15.63,307,0.0,0.0,0.0,0.0,0.0,0.0,0.0,
470,15.63,189,0.0,0.0,0.0,0.0,0.0,0.0,0.0,
470,15.63,127,0.0,0.0,0.0,0.0,0.0,0.0,0.0,
480,15.97,1,39.54789726219194,1.0,0.0,0.0,1.0,0.0,0.0,1.0
480,15.97,269,32.1462222043157,1.0,0.0,0.0,0.8181818181818182,0.0,0.0,
480,15.97,62,0.0,0.0,0.0,0.0,0.0,0.0,0.0,
480,15.97,6,0.0,0.0,0.0,0.0,0.0,0.0,0.0,0.0
480,15.97,164,34.45182724252491,1.0,0.0,0.0,1.0,0.0,0.0,1.0
480,15.97,333,0.0,0.0,0.0,0.0,0.0,0.0,0.0,
480,15.97,10,0.0,0.0,0.0,0.0,0.0,0.0,0.0,0.0
480,15.97,4,0.0,0.0,0.0,0.0,0.0,0.0,0.0,
480,15.97,292,0.0,0.0,0.0,0.0,0.0,0.0,0.0,0.0
480,15.97,7,0.0,0.0,0.0,0.0,0.0,0.0,0.0,
480,15.97,307,0.0,0.0,0.0,0.0,0.0,0.0,0.0,
480,15.97,189,0.0,0.0,0.0,0.0,0.0,0.0,0.0,
480,15.97,127,0.0,0.0,0.0,0.0,0.0,0.0,0.0,
490,16.3,1,39.20870443590234,1.0,0.0,0.0,1.0,0.0,0.0,1.0
490,16.3,269,32.45683744146098,1.0,0.0,0.0,0.6923076923076923,0.0,0.0,
490,16.3,62,0.0,0.0,0.0,0.0,0.0,0.0,0.0,
490,16.3,164,34.451827242524914,1.0,0.0,0.0,1.0,0.0,0.0,1.0
490,16.3,333,0.0,0.0,0.0,0.0,0.0,0.0,0.0,
490,16.3,10,0.0,0.0,0.0,0.0,0.0,0.0,0.0,0.0
490,16.3,338,0.0,0.0,0.0,0.0,0.0,0.0,0.0,
490,16.3,4,0.0,0.0,0.0,0.0,0.0,0.0,0.0,
490,16.3,292,0.0,0.0,0.0,0.0,0.0,0.0,0.0,0.0
490,16.3,7,0.0,0.0,0.0,0.0,0.0,0.0,0.0,
490,16.3,307,0.0,0.0,0.0,0.0,0.0,0.0,0.0,
490,16.3,189,0.0,0.0,0.0,0.0,0.0,0.0,0.0,
490,16.3,127,0.0,0.0,0.0,0.0,0.0,0.0,0.0,
500,16.63,1,38.99068773038564,1.0,0.0,0.0,1.0,0.0,0.0,1.0
500,16.63,62,0.0,0.0,0.0,0.0,0.0,0.0,0.0,
500,16.63,341,0.0,0.0,0.0,0.0,0.0,0.0,0.0,0.0
500,16.63,269,31.21873446642562,0.8933333333333333,0.0,0.0,0.6,0.0,0.0,
500,16.63,6,0.0,0.0,0.0,0.0,0.0,0.0,0.0,0.0
500,16.63,333,0.0,0.0,0.0,0.0,0.0,0.0,0.0,
500,16.63,164,34.429678848283494,1.0,0.0,0.0,1.0,0.0,0.0,1.0
500,16.63,342,0.0,0.0,0.0,0.0,0.0,0.0,0.0,0.0
500,16.63,10,0.0,0.0,0.0,0.0,0.0,0.0,0.0,0.0
500,16.63,338,0.0,0.0,0.0,0.0,0.0,0.0,0.0,1.0
500,16.63,4,0.0,0.0,0.0,0.0,0.0,0.0,0.0,
500,16.63,7,0.0,0.0,0.0,0.0,0.0,0.0,0.0,
500,16.63,307,0.0,0.0,0.0,0.0,0.0,0.0,0.0,
500,16.63,189,0.0,0.0,0.0,0.0,0.0,0.0,0.0,
500,16.63,127,0.0,0.0,0.0,0.0,0.0,0.0,0.0,
510,16.97,1,38.715920830618735,1.0,0.0,0.0,1.0,0.0,0.0,1.0
510,16.97,62,0.0,0.0,0.0,0.0,0.0,0.0,0.0,
510,16.97,341,0.0,0.0,0.0,0.0,0.0,0.0,0.0,0.0
510,16.97,333,0.0,0.0,0.0,0.0,0.0,0.0,0.0,
510,16.97,6,0.0,0.0,0.0,0.0,0.0,0.0,0.0,0.0
510,16.97,342,0.0,0.0,0.0,0.0,0.0,0.0,0.0,
510,16.97,164,34.34887772465765,1.0,0.0,0.0,1.0,0.0,0.0,1.0
510,16.97,10,0.0,0.0,0.0,0.0,0.0,0.0,0.0,0.0
510,16.97,4,0.0,0.0,0.0,0.0,0.0,0.0,0.0,1.0
510,16.97,7,0.0,0.0,0.0,0.0,0.0,0.0,0.0,
510,16.97,234,0.0,0.0,0.0,0.0,0.0,0.0,0.0,
510,16.97,307,0.0,0.0,0.0,0.0,0.0,0.0,0.0,
510,16.97,127,0.0,0.0,0.0,0.0,0.0,0.0,0.0,
520,17.3,1,38.68447891530586,1.0,0.0,0.0,1.0,0.0,0.0,1.0
520,17.3,62,0.0,0.0,0.0,0.0,0.0,0.0,0.0,
520,17.3,341,0.0,0.0,0.0,0.0,0.0,0.0,0.0,0.0
520,17.3,333,0.0,0.0,0.0,0.0,0.0,0.0,0.0,
520,17.3,6,0.0,0.0,0.0,0.0,0.0,0.0,0.0,0.0
520,17.3,342,0.0,0.0,0.0,0.0,0.0,0.0,0.0,1.0
520,17.3,164,34.11078248656241,1.0,0.0,0.0,1.0,0.0,0.0,1.0
520,17.3,10,0.0,0.0,0.0,0.0,0.0,0.0,0.0,0.0
520,17.3,4,0.0,0.0,0.0,0.0,0.0,0.0,0.0,1.0
520,17.3,7,0.0,0.0,0.0,0.0,0.0,0.0,0.0,
520,17.3,307,0.0,0.0,0.0,0.0,0.0,0.0,0.0,
520,17.3,234,0.0,0.0,0.0,0.0,0.0,0.0,0.0,
520,17.3,189,0.0,0.0,0.0,0.0,0.0,0.0,0.0,
520,17.3,127,0.0,0.0,0.0,0.0,0.0,0.0,0.0,
530,17.63,1,38.65825133464279,1.0,0.0,0.0,1.0,0.0,0.0,1.0
530,17.63,62,0.0,0.0,0.0,0.0,0.0,0.0,0.0,
530,17.63,6,0.0,0.0,0.0,0.0,0.0,0.0,0.0,0.0
530,17.63,164,34.05433109148367,1.0,0.0,0.0,1.0,0.0,0.0,1.0
530,17.63,363,0.0,0.0,0.0,0.0,0.0,0.0,0.0,
530,17.63,333,0.0,0.0,0.0,0.0,0.0,0.0,0.0,
530,17.63,342,0.0,0.0,0.0,0.0,0.0,0.0,0.0,1.0
530,17.63,10,0.0,0.0,0.0,0.0,0.0,0.0,0.0,0.0
530,17.63,292,0.0,0.0,0.0,0.0,0.0,0.0,0.0,
530,17.63,4,0.0,0.0,0.0,0.0,0.0,0.0,0.0,1.0
530,17.63,7,0.0,0.0,0.0,0.0,0.0,0.0,0.0,
530,17.63,307,0.0,0.0,0.0,0.0,0.0,0.0,0.0,
530,17.63,189,0.0,0.0,0.0,0.0,0.0,0.0,0.0,
530,17.63,127,0.0,0.0,0.0,0.0,0.0,0.0,0.0,
540,17.97,1,38.67477108917484,1.0,0.0,0.0,1.0,0.0,0.0,
540,17.97,62,0.0,0.0,0.0,0.0,0.0,0.0,0.0,
540,17.97,333,0.0,0.0,0.0,0.0,0.0,0.0,0.0,
540,17.97,6,0.0,0.0,0.0,0.0,0.0,0.0,0.0,0.0
540,17.97,164,33.51966885449585,0.9866666666666668,0.0,0.0,0.9866666666666668,0.0,0.0,1.0
540,17.97,363,0.0,0.0,0.0,0.0,0.0,0.0,0.0,
540,17.97,342,0.0,0.0,0.0,0.0,0.0,0.0,0.0,1.0
540,17.97,374,0.0,0.0,0.0,0.0,0.0,0.0,0.0,
540,17.97,10,0.0,0.0,0.0,0.0,0.0,0.0,0.0,0.0
540,17.97,4,0.0,0.0,0.0,0.0,0.0,0.0,0.0,1.0
540,17.97,292,0.0,0.0,0.0,0.0,0.0,0.0,0.0,0.0
540,17.97,7,0.0,0.0,0.0,0.0,0.0,0.0,0.0,
540,17.97,189,0.0,0.0,0.0,0.0,0.0,0.0,0.0,
540,17.97,307,0.0,0.0,0.0,0.0,0.0,0.0,0.0,
540,17.97,127,0.0,0.0,0.0,0.0,0.0,0.0,0.0,
550,18.3,1,38.88248150445731,1.0,0.0,0.0,1.0,0.0,0.0,
550,18.3,62,0.0,0.0,0.0,0.0,0.0,0.0,0.0,
550,18.3,6,0.0,0.0,0.0,0.0,0.0,0.0,0.0,0.0
550,18.3,164,33.766422101249084,0.9866666666666668,0.0,0.0,0.9866666666666668,0.0,0.0,1.0
550,18.3,333,0.0,0.0,0.0,0.0,0.0,0.0,0.0,
550,18.3,342,0.0,0.0,0.0,0.0,0.0,0.0,0.0,1.0
550,18.3,363,0.0,0.0,0.0,0.0,0.0,0.0,0.0,
550,18.3,10,0.0,0.0,0.0,0.0,0.0,0.0,0.0,0.0
550,18.3,4,0.0,0.0,0.0,0.0,0.0,0.0,0.0,1.0
550,18.3,292,0.0,0.0,0.0,0.0,0.0,0.0,0.0,0.0
550,18.3,7,0.0,0.0,0.0,0.0,0.0,0.0,0.0,
550,18.3,307,0.0,0.0,0.0,0.0,0.0,0.0,0.0,
550,18.3,189,0.0,0.0,0.0,0.0,0.0,0.0,0.0,
550,18.3,127,0.0,0.0,0.0,0.0,0.0,0.0,0.0,
560,18.63,1,39.19127993422347,1.0,0.0,0.0,1.0,0.0,0.0,
560,18.63,62,0.0,0.0,0.0,0.0,0.0,0.0,0.0,
560,18.63,164,34.17083894044855,0.9866666666666668,0.0,0.0,0.9866666666666668,0.0,0.0,1.0
560,18.63,6,0.0,0.0,0.0,0.0,0.0,0.0,0.0,0.0
560,18.63,10,0.0,0.0,0.0,0.0,0.0,0.0,0.0,0.0
560,18.63,333,0.0,0.0,0.0,0.0,0.0,0.0,0.0,
560,18.63,342,0.0,0.0,0.0,0.0,0.0,0.0,0.0,1.0
560,18.63,363,0.0,0.0,0.0,0.0,0.0,0.0,0.0,
560,18.63,4,0.0,0.0,0.0,0.0,0.0,0.0,0.0,1.0
560,18.63,292,0.0,0.0,0.0,0.0,0.0,0.0,0.0,0.0
560,18.63,7,0.0,0.0,0.0,0.0,0.0,0.0,0.0,
560,18.63,189,0.0,0.0,0.0,0.0,0.0,0.0,0.0,
560,18.63,307,0.0,0.0,0.0,0.0,0.0,0.0,0.0,
560,18.63,127,0.0,0.0,0.0,0.0,0.0,0.0,0.0,
570,18.97,1,39.3566238495674,1.0,0.0,0.0,1.0,0.0,0.0,
570,18.97,62,0.0,0.0,0.0,0.0,0.0,0.0,0.0,
570,18.97,6,0.0,0.0,0.0,0.0,0.0,0.0,0.0,0.0
570,18.97,164,34.584917615396776,0.9866666666666668,0.0,0.0,0.9866666666666668,0.0,0.0,1.0
570,18.97,333,0.0,0.0,0.0,0.0,0.0,0.0,0.0,
570,18.97,10,0.0,0.0,0.0,0.0,0.0,0.0,0.0,0.0
570,18.97,342,0.0,0.0,0.0,0.0,0.0,0.0,0.0,1.0
570,18.97,363,0.0,0.0,0.0,0.0,0.0,0.0,0.0,
570,18.97,4,0.0,0.0,0.0,0.0,0.0,0.0,0.0,1.0
570,18.97,7,0.0,0.0,0.0,0.0,0.0,0.0,0.0,
570,18.97,292,0.0,0.0,0.0,0.0,0.0,0.0,0.0,0.0
570,18.97,189,0.0,0.0,0.0,0.0,0.0,0.0,0.0,
570,18.97,307,0.0,0.0,0.0,0.0,0.0,0.0,0.0,
570,18.97,127,0.0,0.0,0.0,0.0,0.0,0.0,0.0,
580,19.3,1,39.52725877020231,1.0,0.0,0.0,1.0,0.0,0.0,
580,19.3,62,0.0,0.0,0.0,0.0,0.0,0.0,0.0,
580,19.3,6,0.0,0.0,0.0,0.0,0.0,0.0,0.0,0.0
580,19.3,164,34.99899629034501,0.9866666666666668,0.0,0.0,0.9866666666666668,0.0,0.0,1.0
580,19.3,333,0.0,0.0,0.0,0.0,0.0,0.0,0.0,
580,19.3,342,0.0,0.0,0.0,0.0,0.0,0.0,0.0,1.0
580,19.3,10,0.0,0.0,0.0,0.0,0.0,0.0,0.0,0.0
580,19.3,363,0.0,0.0,0.0,0.0,0.0,0.0,0.0,
580,19.3,4,0.0,0.0,0.0,0.0,0.0,0.0,0.0,1.0
580,19.3,7,0.0,0.0,0.0,0.0,0.0,0.0,0.0,
580,19.3,292,0.0,0.0,0.0,0.0,0.0,0.0,0.0,0.0
580,19.3,189,0.0,0.0,0.0,0.0,0.0,0.0,0.0,
580,19.3,307,0.0,0.0,0.0,0.0,0.0,0.0,0.0,
590,19.63,1,39.65312831656367,1.0,0.0,0.0,1.0,0.0,0.0,
590,19.63,62,0.0,0.0,0.0,0.0,0.0,0.0,0.0,
590,19.63,6,0.0,0.0,0.0,0.0,0.0,0.0,0.0,0.0
590,19.63,164,35.5907753137253,0.9866666666666668,0.0,0.0,0.9866666666666668,0.0,0.0,1.0
590,19.63,333,0.0,0.0,0.0,0.0,0.0,0.0,0.0,
590,19.63,430,0.0,0.0,0.0,0.0,0.0,0.0,0.0,
590,19.63,342,0.0,0.0,0.0,0.0,0.0,0.0,0.0,1.0
590,19.63,10,0.0,0.0,0.0,0.0,0.0,0.0,0.0,0.0
590,19.63,4,0.0,0.0,0.0,0.0,0.0,0.0,0.0,1.0
590,19.63,292,0.0,0.0,0.0,0.0,0.0,0.0,0.0,0.0
590,19.63,7,0.0,0.0,0.0,0.0,0.0,0.0,0.0,
590,19.63,189,0.0,0.0,0.0,0.0,0.0,0.0,0.0,
590,19.63,307,0.0,0.0,0.0,0.0,0.0,0.0,0.0,
600,19.97,1,39.91921574143938,1.0,0.0,0.0,1.0,0.0,0.0,
600,19.97,62,0.0,0.0,0.0,0.0,0.0,0.0,0.0,
600,19.97,333,0.0,0.0,0.0,0.0,0.0,0.0,0.0,
600,19.97,164,36.14713041143777,0.9866666666666668,0.0,0.0,0.9866666666666668,0.0,0.0,1.0
600,19.97,430,0.0,0.0,0.0,0.0,0.0,0.0,0.0,
600,19.97,342,0.0,0.0,0.0,0.0,0.0,0.0,0.0,1.0
600,19.97,10,0.0,0.0,0.0,0.0,0.0,0.0,0.0,0.0
600,19.97,4,0.0,0.0,0.0,0.0,0.0,0.0,0.0,1.0
600,19.97,292,0.0,0.0,0.0,0.0,0.0,0.0,0.0,0.0
600,19.97,7,0.0,0.0,0.0,0.0,0.0,0.0,0.0,
600,19.97,307,0.0,0.0,0.0,0.0,0.0,0.0,0.0,
600,19.97,189,0.0,0.0,0.0,0.0,0.0,0.0,0.0,
610,20.3,1,40.25394963499679,1.0,0.0,0.0,1.0,0.0,0.0,
610,20.3,62,0.0,0.0,0.0,0.0,0.0,0.0,0.0,
610,20.3,333,0.0,0.0,0.0,0.0,0.0,0.0,0.0,
610,20.3,164,36.561209086386015,0.9866666666666668,0.0,0.0,0.9866666666666668,0.0,0.0,1.0
610,20.3,448,0.0,0.0,0.0,0.0,0.0,0.0,0.0,
610,20.3,430,0.0,0.0,0.0,0.0,0.0,0.0,0.0,1.0
610,20.3,342,0.0,0.0,0.0,0.0,0.0,0.0,0.0,1.0
610,20.3,10,0.0,0.0,0.0,0.0,0.0,0.0,0.0,0.0
610,20.3,4,0.0,0.0,0.0,0.0,0.0,0.0,0.0,1.0
610,20.3,292,0.0,0.0,0.0,0.0,0.0,0.0,0.0,0.0
610,20.3,7,0.0,0.0,0.0,0.0,0.0,0.0,0.0,
610,20.3,189,0.0,0.0,0.0,0.0,0.0,0.0,0.0,
610,20.3,307,0.0,0.0,0.0,0.0,0.0,0.0,0.0,
620,20.63,1,40.577773184891214,1.0,0.0,0.0,1.0,0.0,0.0,
620,20.63,62,0.0,0.0,0.0,0.0,0.0,0.0,0.0,
620,20.63,333,0.0,0.0,0.0,0.0,0.0,0.0,0.0,
620,20.63,164,37.313131313131294,1.0,0.0,0.0,1.0,0.0,0.0,1.0
620,20.63,448,0.0,0.0,0.0,0.0,0.0,0.0,0.0,
620,20.63,430,0.0,0.0,0.0,0.0,0.0,0.0,0.0,
620,20.63,342,0.0,0.0,0.0,0.0,0.0,0.0,0.0,1.0
620,20.63,10,0.0,0.0,0.0,0.0,0.0,0.0,0.0,0.0
620,20.63,4,0.0,0.0,0.0,0.0,0.0,0.0,0.0,
620,20.63,292,0.0,0.0,0.0,0.0,0.0,0.0,0.0,0.0
620,20.63,307,0.0,0.0,0.0,0.0,0.0,0.0,0.0,
620,20.63,189,0.0,0.0,0.0,0.0,0.0,0.0,0.0,
620,20.63,7,0.0,0.0,0.0,0.0,0.0,0.0,0.0,
630,20.97,1,40.7711963875056,1.0,0.0,0.0,1.0,0.0,0.0,
630,20.97,62,0.0,0.0,0.0,0.0,0.0,0.0,0.0,
630,20.97,333,0.0,0.0,0.0,0.0,0.0,0.0,0.0,
630,20.97,164,37.38082022818376,1.0,0.0,0.0,1.0,0.0,0.0,1.0
630,20.97,448,0.0,0.0,0.0,0.0,0.0,0.0,0.0,
630,20.97,342,0.0,0.0,0.0,0.0,0.0,0.0,0.0,1.0
630,20.97,430,0.0,0.0,0.0,0.0,0.0,0.0,0.0,
630,20.97,10,0.0,0.0,0.0,0.0,0.0,0.0,0.0,0.0
630,20.97,4,0.0,0.0,0.0,0.0,0.0,0.0,0.0,
630,20.97,292,0.0,0.0,0.0,0.0,0.0,0.0,0.0,0.0
630,20.97,7,0.0,0.0,0.0,0.0,0.0,0.0,0.0,
630,20.97,307,0.0,0.0,0.0,0.0,0.0,0.0,0.0,
630,20.97,189,0.0,0.0,0.0,0.0,0.0,0.0,0.0,
640,21.3,1,40.83348440190072,1.0,0.0,0.0,1.0,0.0,0.0,
640,21.3,62,0.0,0.0,0.0,0.0,0.0,0.0,0.0,
640,21.3,6,0.0,0.0,0.0,0.0,0.0,0.0,0.0,
640,21.3,333,0.0,0.0,0.0,0.0,0.0,0.0,0.0,
640,21.3,164,37.262682327437176,1.0,0.0,0.0,1.0,0.0,0.0,1.0
640,21.3,448,0.0,0.0,0.0,0.0,0.0,0.0,0.0,
640,21.3,342,0.0,0.0,0.0,0.0,0.0,0.0,0.0,1.0
640,21.3,10,0.0,0.0,0.0,0.0,0.0,0.0,0.0,0.0
640,21.3,430,0.0,0.0,0.0,0.0,0.0,0.0,0.0,1.0
640,21.3,4,0.0,0.0,0.0,0.0,0.0,0.0,0.0,
640,21.3,470,0.0,0.0,0.0,0.0,0.0,0.0,0.0,
640,21.3,292,0.0,0.0,0.0,0.0,0.0,0.0,0.0,0.0
640,21.3,7,0.0,0.0,0.0,0.0,0.0,0.0,0.0,
640,21.3,189,0.0,0.0,0.0,0.0,0.0,0.0,0.0,
640,21.3,307,0.0,0.0,0.0,0.0,0.0,0.0,0.0,
650,21.63,478,0.0,0.0,0.0,0.0,0.0,0.0,0.0,0.0
650,21.63,62,0.0,0.0,0.0,0.0,0.0,0.0,0.0,
650,21.63,333,0.0,0.0,0.0,0.0,0.0,0.0,0.0,
650,21.63,164,37.15552378549602,1.0,0.0,0.0,1.0,0.0,0.0,1.0
650,21.63,476,0.0,0.0,0.0,0.0,0.0,0.0,0.0,
650,21.63,448,0.0,0.0,0.0,0.0,0.0,0.0,0.0,
650,21.63,342,0.0,0.0,0.0,0.0,0.0,0.0,0.0,1.0
650,21.63,430,0.0,0.0,0.0,0.0,0.0,0.0,0.0,1.0
650,21.63,470,0.0,0.0,0.0,0.0,0.0,0.0,0.0,1.0
650,21.63,292,0.0,0.0,0.0,0.0,0.0,0.0,0.0,0.0
650,21.63,7,0.0,0.0,0.0,0.0,0.0,0.0,0.0,
650,21.63,307,0.0,0.0,0.0,0.0,0.0,0.0,0.0,
650,21.63,189,0.0,0.0,0.0,0.0,0.0,0.0,0.0,
660,21.97,478,0.0,0.0,0.0,0.0,0.0,0.0,0.0,0.0
660,21.97,62,0.0,0.0,0.0,0.0,0.0,0.0,0.0,
660,21.97,333,0.0,0.0,0.0,0.0,0.0,0.0,0.0,
660,21.97,164,36.62754837925975,0.9866666666666668,0.0,0.0,0.9866666666666668,0.0,0.0,1.0
660,21.97,476,0.0,0.0,0.0,0.0,0.0,0.0,0.0,
660,21.97,448,0.0,0.0,0.0,0.0,0.0,0.0,0.0,
660,21.97,342,0.0,0.0,0.0,0.0,0.0,0.0,0.0,1.0
660,21.97,470,0.0,0.0,0.0,0.0,0.0,0.0,0.0,1.0
660,21.97,292,0.0,0.0,0.0,0.0,0.0,0.0,0.0,
660,21.97,234,0.0,0.0,0.0,0.0,0.0,0.0,0.0,
660,21.97,7,0.0,0.0,0.0,0.0,0.0,0.0,0.0,
660,21.97,189,0.0,0.0,0.0,0.0,0.0,0.0,0.0,
660,21.97,307,0.0,0.0,0.0,0.0,0.0,0.0,0.0,
670,22.3,1,40.88254645096277,1.0,0.0,0.0,1.0,0.0,0.0,
670,22.3,62,0.0,0.0,0.0,0.0,0.0,0.0,0.0,
670,22.3,476,2.705882352941176,0.0666666666666666,0.0,0.0,0.0666666666666666,0.0,0.0,
670,22.3,164,33.14694400059801,0.8933333333333333,0.0,0.0,0.8933333333333333,0.0,0.0,1.0
670,22.3,6,0.0,0.0,0.0,0.0,0.0,0.0,0.0,
670,22.3,333,0.0,0.0,0.0,0.0,0.0,0.0,0.0,
670,22.3,448,0.0,0.0,0.0,0.0,0.0,0.0,0.0,
670,22.3,342,0.0,0.0,0.0,0.0,0.0,0.0,0.0,1.0
670,22.3,10,0.0,0.0,0.0,0.0,0.0,0.0,0.0,
670,22.3,4,0.0,0.0,0.0,0.0,0.0,0.0,0.0,
670,22.3,470,0.0,0.0,0.0,0.0,0.0,0.0,0.0,1.0
670,22.3,292,0.0,0.0,0.0,0.0,0.0,0.0,0.0,
670,22.3,234,0.0,0.0,0.0,0.0,0.0,0.0,0.0,1.0
670,22.3,7,0.0,0.0,0.0,0.0,0.0,0.0,0.0,
670,22.3,307,0.0,0.0,0.0,0.0,0.0,0.0,0.0,
670,22.3,189,0.0,0.0,0.0,0.0,0.0,0.0,0.0,
680,22.63,1,40.87427925519557,1.0,0.0,0.0,1.0,0.0,0.0,
680,22.63,62,0.0,0.0,0.0,0.0,0.0,0.0,0.0,
680,22.63,164,32.67614535736644,0.88,0.0,0.0,0.88,0.0,0.0,1.0
680,22.63,476,7.9852594884107475,0.2,0.0,0.0,0.2,0.0,0.0,
680,22.63,6,0.0,0.0,0.0,0.0,0.0,0.0,0.0,
680,22.63,333,0.0,0.0,0.0,0.0,0.0,0.0,0.0,
680,22.63,342,0.0,0.0,0.0,0.0,0.0,0.0,0.0,1.0
680,22.63,448,0.0,0.0,0.0,0.0,0.0,0.0,0.0,
680,22.63,10,0.0,0.0,0.0,0.0,0.0,0.0,0.0,0.0
680,22.63,4,0.0,0.0,0.0,0.0,0.0,0.0,0.0,
680,22.63,470,0.0,0.0,0.0,0.0,0.0,0.0,0.0,1.0
680,22.63,234,0.0,0.0,0.0,0.0,0.0,0.0,0.0,1.0
680,22.63,292,0.0,0.0,0.0,0.0,0.0,0.0,0.0,
680,22.63,7,0.0,0.0,0.0,0.0,0.0,0.0,0.0,
680,22.63,307,0.0,0.0,0.0,0.0,0.0,0.0,0.0,
680,22.63,189,0.0,0.0,0.0,0.0,0.0,0.0,0.0,
690,22.97,1,40.92652793244426,1.0,0.0,0.0,1.0,0.0,0.0,
690,22.97,476,12.396967436547266,0.32,0.0,0.0,0.32,0.0,0.0,
690,22.97,62,0.0,0.0,0.0,0.0,0.0,0.0,0.0,
690,22.97,6,0.0,0.0,0.0,0.0,0.0,0.0,0.0,
690,22.97,333,0.0,0.0,0.0,0.0,0.0,0.0,0.0,
690,22.97,164,28.70624094786907,0.7733333333333333,0.0,0.0,0.7733333333333333,0.0,0.0,1.0
690,22.97,10,0.0,0.0,0.0,0.0,0.0,0.0,0.0,0.0
690,22.97,448,0.0,0.0,0.0,0.0,0.0,0.0,0.0,
690,22.97,4,0.0,0.0,0.0,0.0,0.0,0.0,0.0,
690,22.97,470,0.0,0.0,0.0,0.0,0.0,0.0,0.0,1.0
690,22.97,292,0.0,0.0,0.0,0.0,0.0,0.0,0.0,
690,22.97,234,0.0,0.0,0.0,0.0,0.0,0.0,0.0,1.0
690,22.97,7,0.0,0.0,0.0,0.0,0.0,0.0,0.0,
690,22.97,307,0.0,0.0,0.0,0.0,0.0,0.0,0.0,
690,22.97,189,0.0,0.0,0.0,0.0,0.0,0.0,0.0,
700,23.3,1,40.84801687681826,1.0,0.0,0.0,1.0,0.0,0.0,
700,23.3,62,0.0,0.0,0.0,0.0,0.0,0.0,0.0,
700,23.3,6,0.0,0.0,0.0,0.0,0.0,0.0,0.0,
700,23.3,476,16.286937772953323,0.4333333333333333,0.0,0.0,0.4333333333333333,0.0,0.0,
700,23.3,10,0.0,0.0,0.0,0.0,0.0,0.0,0.0,0.0
700,23.3,333,0.0,0.0,0.0,0.0,0.0,0.0,0.0,
700,23.3,342,0.0,0.0,0.0,0.0,0.0,0.0,0.0,1.0
700,23.3,448,0.0,0.0,0.0,0.0,0.0,0.0,0.0,
700,23.3,470,0.0,0.0,0.0,0.0,0.0,0.0,0.0,1.0
700,23.3,4,0.0,0.0,0.0,0.0,0.0,0.0,0.0,
700,23.3,442,0.0,0.0,0.0,0.0,0.0,0.0,0.0,
700,23.3,292,0.0,0.0,0.0,0.0,0.0,0.0,0.0,
700,23.3,7,0.0,0.0,0.0,0.0,0.0,0.0,0.0,
700,23.3,307,0.0,0.0,0.0,0.0,0.0,0.0,0.0,
700,23.3,189,0.0,0.0,0.0,0.0,0.0,0.0,0.0,
710,23.63,1,40.65179509100249,1.0,0.0,0.0,1.0,0.0,0.0,
710,23.63,62,0.0,0.0,0.0,0.0,0.0,0.0,0.0,
710,23.63,6,0.0,0.0,0.0,0.0,0.0,0.0,0.0,
710,23.63,333,0.0,0.0,0.0,0.0,0.0,0.0,0.0,
710,23.63,476,18.548788747982204,0.5,0.0,0.0,0.5,0.0,0.0,
710,23.63,342,0.0,0.0,0.0,0.0,0.0,0.0,0.0,1.0
710,23.63,10,0.0,0.0,0.0,0.0,0.0,0.0,0.0,0.0
710,23.63,448,0.0,0.0,0.0,0.0,0.0,0.0,0.0,
710,23.63,470,0.0,0.0,0.0,0.0,0.0,0.0,0.0,1.0
710,23.63,442,0.0,0.0,0.0,0.0,0.0,0.0,0.0,
710,23.63,4,0.0,0.0,0.0,0.0,0.0,0.0,0.0,
710,23.63,292,0.0,0.0,0.0,0.0,0.0,0.0,0.0,
710,23.63,7,0.0,0.0,0.0,0.0,0.0,0.0,0.0,
710,23.63,234,0.0,0.0,0.0,0.0,0.0,0.0,0.0,
710,23.63,307,0.0,0.0,0.0,0.0,0.0,0.0,0.0,
710,23.63,189,0.0,0.0,0.0,0.0,0.0,0.0,0.0,
720,23.97,1,40.53728511241684,1.0,0.0,0.0,1.0,0.0,0.0,
720,23.97,62,0.0,0.0,0.0,0.0,0.0,0.0,0.0,
720,23.97,6,0.0,0.0,0.0,0.0,0.0,0.0,0.0,
720,23.97,476,17.31220283145005,0.4666666666666667,0.0,0.0,0.4666666666666667,0.0,0.0,
720,23.97,333,0.0,0.0,0.0,0.0,0.0,0.0,0.0,
720,23.97,448,0.0,0.0,0.0,0.0,0.0,0.0,0.0,
720,23.97,342,0.0,0.0,0.0,0.0,0.0,0.0,0.0,1.0
720,23.97,10,0.0,0.0,0.0,0.0,0.0,0.0,0.0,0.0
720,23.97,485,0.0,0.0,0.0,0.0,0.0,0.0,0.0,
720,23.97,470,0.0,0.0,0.0,0.0,0.0,0.0,0.0,1.0
720,23.97,442,0.0,0.0,0.0,0.0,0.0,0.0,0.0,
720,23.97,4,0.0,0.0,0.0,0.0,0.0,0.0,0.0,
720,23.97,292,0.0,0.0,0.0,0.0,0.0,0.0,0.0,1.0
720,23.97,7,0.0,0.0,0.0,0.0,0.0,0.0,0.0,
720,23.97,307,0.0,0.0,0.0,0.0,0.0,0.0,0.0,
720,23.97,189,0.0,0.0,0.0,0.0,0.0,0.0,0.0,
730,24.3,1,40.26478687688548,1.0,0.0,0.0,1.0,0.0,0.0,
730,24.3,62,0.0,0.0,0.0,0.0,0.0,0.0,0.0,
730,24.3,476,21.9533375832231,0.5866666666666667,0.0,0.0,0.5866666666666667,0.0,0.0,
730,24.3,6,0.0,0.0,0.0,0.0,0.0,0.0,0.0,
730,24.3,490,0.0,0.0,0.0,0.0,0.0,0.0,0.0,
730,24.3,448,0.0,0.0,0.0,0.0,0.0,0.0,0.0,
730,24.3,333,0.0,0.0,0.0,0.0,0.0,0.0,0.0,
730,24.3,342,0.0,0.0,0.0,0.0,0.0,0.0,0.0,1.0
730,24.3,10,0.0,0.0,0.0,0.0,0.0,0.0,0.0,0.0
730,24.3,442,0.0,0.0,0.0,0.0,0.0,0.0,0.0,
730,24.3,470,0.0,0.0,0.0,0.0,0.0,0.0,0.0,1.0
730,24.3,4,0.0,0.0,0.0,0.0,0.0,0.0,0.0,
730,24.3,292,0.0,0.0,0.0,0.0,0.0,0.0,0.0,1.0
730,24.3,7,0.0,0.0,0.0,0.0,0.0,0.0,0.0,
730,24.3,307,0.0,0.0,0.0,0.0,0.0,0.0,0.0,
730,24.3,189,0.0,0.0,0.0,0.0,0.0,0.0,0.0,
740,24.63,1,40.194696708298814,1.0,0.0,0.0,1.0,0.0,0.0,
740,24.63,62,0.0,0.0,0.0,0.0,0.0,0.0,0.0,
740,24.63,6,0.0,0.0,0.0,0.0,0.0,0.0,0.0,
740,24.63,476,26.51275787307817,0.7066666666666667,0.0,0.0,0.7066666666666667,0.0,0.0,
740,24.63,448,0.0,0.0,0.0,0.0,0.0,0.0,0.0,
740,24.63,333,0.0,0.0,0.0,0.0,0.0,0.0,0.0,
740,24.63,342,0.0,0.0,0.0,0.0,0.0,0.0,0.0,1.0
740,24.63,490,0.0,0.0,0.0,0.0,0.0,0.0,0.0,
740,24.63,10,0.0,0.0,0.0,0.0,0.0,0.0,0.0,0.0
740,24.63,470,0.0,0.0,0.0,0.0,0.0,0.0,0.0,1.0
740,24.63,292,0.0,0.0,0.0,0.0,0.0,0.0,0.0,1.0
740,24.63,442,0.0,0.0,0.0,0.0,0.0,0.0,0.0,
740,24.63,4,0.0,0.0,0.0,0.0,0.0,0.0,0.0,1.0
740,24.63,7,0.0,0.0,0.0,0.0,0.0,0.0,0.0,
740,24.63,307,0.0,0.0,0.0,0.0,0.0,0.0,0.0,
740,24.63,189,0.0,0.0,0.0,0.0,0.0,0.0,0.0,
750,24.97,1,40.09584938451733,1.0,0.0,0.0,1.0,0.0,0.0,
750,24.97,62,0.0,0.0,0.0,0.0,0.0,0.0,0.0,
750,24.97,476,26.32175423103216,0.7066666666666667,0.0,0.0,0.7066666666666667,0.0,0.0,
750,24.97,6,0.0,0.0,0.0,0.0,0.0,0.0,0.0,
750,24.97,448,0.0,0.0,0.0,0.0,0.0,0.0,0.0,
750,24.97,333,0.0,0.0,0.0,0.0,0.0,0.0,0.0,
750,24.97,342,0.0,0.0,0.0,0.0,0.0,0.0,0.0,1.0
750,24.97,10,0.0,0.0,0.0,0.0,0.0,0.0,0.0,0.0
750,24.97,470,0.0,0.0,0.0,0.0,0.0,0.0,0.0,1.0
750,24.97,292,0.0,0.0,0.0,0.0,0.0,0.0,0.0,1.0
750,24.97,4,0.0,0.0,0.0,0.0,0.0,0.0,0.0,1.0
750,24.97,442,0.0,0.0,0.0,0.0,0.0,0.0,0.0,
750,24.97,7,0.0,0.0,0.0,0.0,0.0,0.0,0.0,
750,24.97,307,0.0,0.0,0.0,0.0,0.0,0.0,0.0,
750,24.97,189,0.0,0.0,0.0,0.0,0.0,0.0,0.0,
760,25.3,1,40.03271807138603,1.0,0.0,0.0,1.0,0.0,0.0,
760,25.3,62,0.0,0.0,0.0,0.0,0.0,0.0,0.0,
760,25.3,476,29.20911520317309,0.7866666666666666,0.0,0.0,0.7866666666666666,0.0,0.0,
760,25.3,6,0.0,0.0,0.0,0.0,0.0,0.0,0.0,
760,25.3,448,0.0,0.0,0.0,0.0,0.0,0.0,0.0,
760,25.3,333,0.0,0.0,0.0,0.0,0.0,0.0,0.0,
760,25.3,342,0.0,0.0,0.0,0.0,0.0,0.0,0.0,
760,25.3,10,0.0,0.0,0.0,0.0,0.0,0.0,0.0,0.0
760,25.3,470,0.0,0.0,0.0,0.0,0.0,0.0,0.0,1.0
760,25.3,292,0.0,0.0,0.0,0.0,0.0,0.0,0.0,1.0
760,25.3,491,0.0,0.0,0.0,0.0,0.0,0.0,0.0,1.0
760,25.3,4,0.0,0.0,0.0,0.0,0.0,0.0,0.0,1.0
760,25.3,7,0.0,0.0,0.0,0.0,0.0,0.0,0.0,
760,25.3,442,0.0,0.0,0.0,0.0,0.0,0.0,0.0,
760,25.3,189,0.0,0.0,0.0,0.0,0.0,0.0,0.0,
760,25.3,307,0.0,0.0,0.0,0.0,0.0,0.0,0.0,
770,25.63,1,39.95064736431532,1.0,0.0,0.0,1.0,0.0,0.0,
770,25.63,62,0.0,0.0,0.0,0.0,0.0,0.0,0.0,
770,25.63,476,27.78865992134526,0.7466666666666667,0.0,0.0,0.7466666666666667,0.0,0.0,
770,25.63,333,0.0,0.0,0.0,0.0,0.0,0.0,0.0,
770,25.63,6,0.0,0.0,0.0,0.0,0.0,0.0,0.0,
770,25.63,448,0.0,0.0,0.0,0.0,0.0,0.0,0.0,
770,25.63,342,0.0,0.0,0.0,0.0,0.0,0.0,0.0,
770,25.63,10,0.0,0.0,0.0,0.0,0.0,0.0,0.0,0.0
770,25.63,470,0.0,0.0,0.0,0.0,0.0,0.0,0.0,1.0
770,25.63,4,0.0,0.0,0.0,0.0,0.0,0.0,0.0,1.0
770,25.63,292,0.0,0.0,0.0,0.0,0.0,0.0,0.0,
770,25.63,442,0.0,0.0,0.0,0.0,0.0,0.0,0.0,
770,25.63,7,0.0,0.0,0.0,0.0,0.0,0.0,0.0,
770,25.63,234,0.0,0.0,0.0,0.0,0.0,0.0,0.0,
770,25.63,307,0.0,0.0,0.0,0.0,0.0,0.0,0.0,
770,25.63,189,0.0,0.0,0.0,0.0,0.0,0.0,0.0,
780,25.97,1,39.87899332391128,1.0,0.0,0.0,1.0,0.0,0.0,
780,25.97,62,0.0,0.0,0.0,0.0,0.0,0.0,0.0,
780,25.97,476,27.81036084979337,0.7466666666666667,0.0,0.0,0.7466666666666667,0.0,0.0,
780,25.97,496,0.0,0.0,0.0,0.0,0.0,0.0,0.0,
780,25.97,6,0.0,0.0,0.0,0.0,0.0,0.0,0.0,
780,25.97,333,0.0,0.0,0.0,0.0,0.0,0.0,0.0,
780,25.97,490,0.0,0.0,0.0,0.0,0.0,0.0,0.0,
780,25.97,448,0.0,0.0,0.0,0.0,0.0,0.0,0.0,
780,25.97,10,0.0,0.0,0.0,0.0,0.0,0.0,0.0,0.0
780,25.97,470,0.0,0.0,0.0,0.0,0.0,0.0,0.0,1.0
780,25.97,4,0.0,0.0,0.0,0.0,0.0,0.0,0.0,1.0
780,25.97,442,0.0,0.0,0.0,0.0,0.0,0.0,0.0,
780,25.97,7,0.0,0.0,0.0,0.0,0.0,0.0,0.0,
780,25.97,307,0.0,0.0,0.0,0.0,0.0,0.0,0.0,
780,25.97,189,0.0,0.0,0.0,0.0,0.0,0.0,0.0,
790,26.3,1,39.83462102953898,1.0,0.0,0.0,1.0,0.0,0.0,
790,26.3,62,0.0,0.0,0.0,0.0,0.0,0.0,0.0,
790,26.3,333,0.0,0.0,0.0,0.0,0.0,0.0,0.0,
790,26.3,6,0.0,0.0,0.0,0.0,0.0,0.0,0.0,
790,26.3,496,0.0,0.0,0.0,0.0,0.0,0.0,0.0,
790,26.3,342,0.0,0.0,0.0,0.0,0.0,0.0,0.0,
790,26.3,490,0.0,0.0,0.0,0.0,0.0,0.0,0.0,
790,26.3,448,0.0,0.0,0.0,0.0,0.0,0.0,0.0,
790,26.3,10,0.0,0.0,0.0,0.0,0.0,0.0,0.0,0.0
790,26.3,470,0.0,0.0,0.0,0.0,0.0,0.0,0.0,1.0
790,26.3,442,0.0,0.0,0.0,0.0,0.0,0.0,0.0,
790,26.3,4,0.0,0.0,0.0,0.0,0.0,0.0,0.0,1.0
790,26.3,520,0.0,0.0,0.0,0.0,0.0,0.0,0.0,
790,26.3,7,0.0,0.0,0.0,0.0,0.0,0.0,0.0,
790,26.3,307,0.0,0.0,0.0,0.0,0.0,0.0,0.0,
790,26.3,189,0.0,0.0,0.0,0.0,0.0,0.0,0.0,
800,26.63,1,39.795454545454525,1.0,0.0,0.0,1.0,0.0,0.0,
800,26.63,62,0.0,0.0,0.0,0.0,0.0,0.0,0.0,
800,26.63,333,0.0,0.0,0.0,0.0,0.0,0.0,0.0,
800,26.63,6,0.0,0.0,0.0,0.0,0.0,0.0,0.0,
800,26.63,490,0.0,0.0,0.0,0.0,0.0,0.0,0.0,
800,26.63,342,0.0,0.0,0.0,0.0,0.0,0.0,0.0,
800,26.63,10,0.0,0.0,0.0,0.0,0.0,0.0,0.0,0.0
800,26.63,448,0.0,0.0,0.0,0.0,0.0,0.0,0.0,
800,26.63,470,0.0,0.0,0.0,0.0,0.0,0.0,0.0,1.0
800,26.63,4,0.0,0.0,0.0,0.0,0.0,0.0,0.0,1.0
800,26.63,292,0.0,0.0,0.0,0.0,0.0,0.0,0.0,0.0
800,26.63,520,0.0,0.0,0.0,0.0,0.0,0.0,0.0,
800,26.63,7,0.0,0.0,0.0,0.0,0.0,0.0,0.0,
800,26.63,442,0.0,0.0,0.0,0.0,0.0,0.0,0.0,
800,26.63,189,0.0,0.0,0.0,0.0,0.0,0.0,0.0,
800,26.63,307,0.0,0.0,0.0,0.0,0.0,0.0,0.0,
810,26.97,1,39.7779963092463,1.0,0.0,0.0,1.0,0.0,0.0,
810,26.97,62,0.0,0.0,0.0,0.0,0.0,0.0,0.0,
810,26.97,490,0.0,0.0,0.0,0.0,0.0,0.0,0.0,
810,26.97,333,0.0,0.0,0.0,0.0,0.0,0.0,0.0,
810,26.97,6,0.0,0.0,0.0,0.0,0.0,0.0,0.0,
810,26.97,342,0.0,0.0,0.0,0.0,0.0,0.0,0.0,
810,26.97,448,0.0,0.0,0.0,0.0,0.0,0.0,0.0,
810,26.97,10,0.0,0.0,0.0,0.0,0.0,0.0,0.0,0.0
810,26.97,470,0.0,0.0,0.0,0.0,0.0,0.0,0.0,1.0
810,26.97,4,0.0,0.0,0.0,0.0,0.0,0.0,0.0,1.0
810,26.97,292,0.0,0.0,0.0,0.0,0.0,0.0,0.0,0.0
810,26.97,520,0.0,0.0,0.0,0.0,0.0,0.0,0.0,
810,26.97,442,0.0,0.0,0.0,0.0,0.0,0.0,0.0,
810,26.97,7,0.0,0.0,0.0,0.0,0.0,0.0,0.0,
810,26.97,189,0.0,0.0,0.0,0.0,0.0,0.0,0.0,
810,26.97,307,0.0,0.0,0.0,0.0,0.0,0.0,0.0,
820,27.3,1,39.86259226884226,1.0,0.0,0.0,1.0,0.0,0.0,
820,27.3,62,0.0,0.0,0.0,0.0,0.0,0.0,0.0,
820,27.3,333,0.0,0.0,0.0,0.0,0.0,0.0,0.0,
820,27.3,6,0.0,0.0,0.0,0.0,0.0,0.0,0.0,
820,27.3,342,0.0,0.0,0.0,0.0,0.0,0.0,0.0,
820,27.3,448,0.0,0.0,0.0,0.0,0.0,0.0,0.0,
820,27.3,10,0.0,0.0,0.0,0.0,0.0,0.0,0.0,0.0
820,27.3,490,0.0,0.0,0.0,0.0,0.0,0.0,0.0,
820,27.3,292,0.0,0.0,0.0,0.0,0.0,0.0,0.0,0.0
820,27.3,470,0.0,0.0,0.0,0.0,0.0,0.0,0.0,1.0
820,27.3,4,0.0,0.0,0.0,0.0,0.0,0.0,0.0,1.0
820,27.3,520,0.0,0.0,0.0,0.0,0.0,0.0,0.0,
820,27.3,442,0.0,0.0,0.0,0.0,0.0,0.0,0.0,
820,27.3,189,0.0,0.0,0.0,0.0,0.0,0.0,0.0,
820,27.3,307,0.0,0.0,0.0,0.0,0.0,0.0,0.0,
830,27.63,1,40.03008812290527,1.0,0.0,0.0,1.0,0.0,0.0,
830,27.63,62,0.0,0.0,0.0,0.0,0.0,0.0,0.0,
830,27.63,6,0.0,0.0,0.0,0.0,0.0,0.0,0.0,
830,27.63,333,0.0,0.0,0.0,0.0,0.0,0.0,0.0,
830,27.63,448,0.0,0.0,0.0,0.0,0.0,0.0,0.0,
830,27.63,342,0.0,0.0,0.0,0.0,0.0,0.0,0.0,
830,27.63,10,0.0,0.0,0.0,0.0,0.0,0.0,0.0,0.0
830,27.63,292,0.0,0.0,0.0,0.0,0.0,0.0,0.0,0.0
830,27.63,4,0.0,0.0,0.0,0.0,0.0,0.0,0.0,1.0
830,27.63,470,0.0,0.0,0.0,0.0,0.0,0.0,0.0,1.0
830,27.63,520,0.0,0.0,0.0,0.0,0.0,0.0,0.0,
830,27.63,7,0.0,0.0,0.0,0.0,0.0,0.0,0.0,
830,27.63,442,0.0,0.0,0.0,0.0,0.0,0.0,0.0,
830,27.63,234,0.0,0.0,0.0,0.0,0.0,0.0,0.0,
830,27.63,307,0.0,0.0,0.0,0.0,0.0,0.0,0.0,
830,27.63,189,0.0,0.0,0.0,0.0,0.0,0.0,0.0,
840,27.97,1,40.239194108130654,1.0,0.0,0.0,1.0,0.0,0.0,
840,27.97,62,0.0,0.0,0.0,0.0,0.0,0.0,0.0,
840,27.97,6,0.0,0.0,0.0,0.0,0.0,0.0,0.0,
840,27.97,333,0.0,0.0,0.0,0.0,0.0,0.0,0.0,
840,27.97,448,0.0,0.0,0.0,0.0,0.0,0.0,0.0,
840,27.97,342,0.0,0.0,0.0,0.0,0.0,0.0,0.0,
840,27.97,292,0.0,0.0,0.0,0.0,0.0,0.0,0.0,0.0
840,27.97,10,0.0,0.0,0.0,0.0,0.0,0.0,0.0,0.0
840,27.97,4,0.0,0.0,0.0,0.0,0.0,0.0,0.0,1.0
840,27.97,470,0.0,0.0,0.0,0.0,0.0,0.0,0.0,1.0
840,27.97,520,0.0,0.0,0.0,0.0,0.0,0.0,0.0,
840,27.97,7,0.0,0.0,0.0,0.0,0.0,0.0,0.0,
840,27.97,442,0.0,0.0,0.0,0.0,0.0,0.0,0.0,
840,27.97,234,0.0,0.0,0.0,0.0,0.0,0.0,0.0,
840,27.97,307,0.0,0.0,0.0,0.0,0.0,0.0,0.0,
850,28.3,1,40.441214310150855,1.0,0.0,0.0,1.0,0.0,0.0,
850,28.3,62,0.0,0.0,0.0,0.0,0.0,0.0,0.0,
850,28.3,6,0.0,0.0,0.0,0.0,0.0,0.0,0.0,
850,28.3,333,0.0,0.0,0.0,0.0,0.0,0.0,0.0,
850,28.3,448,0.0,0.0,0.0,0.0,0.0,0.0,0.0,
850,28.3,292,0.0,0.0,0.0,0.0,0.0,0.0,0.0,0.0
850,28.3,342,0.0,0.0,0.0,0.0,0.0,0.0,0.0,
850,28.3,10,0.0,0.0,0.0,0.0,0.0,0.0,0.0,0.0
850,28.3,4,0.0,0.0,0.0,0.0,0.0,0.0,0.0,1.0
850,28.3,470,0.0,0.0,0.0,0.0,0.0,0.0,0.0,1.0
850,28.3,520,0.0,0.0,0.0,0.0,0.0,0.0,0.0,
850,28.3,234,0.0,0.0,0.0,0.0,0.0,0.0,0.0,
850,28.3,7,0.0,0.0,0.0,0.0,0.0,0.0,0.0,
850,28.3,442,0.0,0.0,0.0,0.0,0.0,0.0,0.0,
850,28.3,307,0.0,0.0,0.0,0.0,0.0,0.0,0.0,
860,28.63,1,40.56242643136299,1.0,0.0,0.0,1.0,0.0,0.0,
860,28.63,62,0.0,0.0,0.0,0.0,0.0,0.0,0.0,
860,28.63,6,0.0,0.0,0.0,0.0,0.0,0.0,0.0,
860,28.63,333,0.0,0.0,0.0,0.0,0.0,0.0,0.0,
860,28.63,448,0.0,0.0,0.0,0.0,0.0,0.0,0.0,
860,28.63,342,0.0,0.0,0.0,0.0,0.0,0.0,0.0,
860,28.63,292,0.0,0.0,0.0,0.0,0.0,0.0,0.0,0.0
860,28.63,10,0.0,0.0,0.0,0.0,0.0,0.0,0.0,0.0
860,28.63,470,0.0,0.0,0.0,0.0,0.0,0.0,0.0,1.0
860,28.63,4,0.0,0.0,0.0,0.0,0.0,0.0,0.0,1.0
860,28.63,520,0.0,0.0,0.0,0.0,0.0,0.0,0.0,
860,28.63,7,0.0,0.0,0.0,0.0,0.0,0.0,0.0,
860,28.63,442,0.0,0.0,0.0,0.0,0.0,0.0,0.0,
860,28.63,307,0.0,0.0,0.0,0.0,0.0,0.0,0.0,
870,28.97,1,40.59269930939705,1.0,0.0,0.0,1.0,0.0,0.0,
870,28.97,62,0.0,0.0,0.0,0.0,0.0,0.0,0.0,
870,28.97,333,0.0,0.0,0.0,0.0,0.0,0.0,0.0,
870,28.97,448,0.0,0.0,0.0,0.0,0.0,0.0,0.0,
870,28.97,342,0.0,0.0,0.0,0.0,0.0,0.0,0.0,
870,28.97,10,0.0,0.0,0.0,0.0,0.0,0.0,0.0,0.0
870,28.97,4,0.0,0.0,0.0,0.0,0.0,0.0,0.0,1.0
870,28.97,292,0.0,0.0,0.0,0.0,0.0,0.0,0.0,0.0
870,28.97,470,0.0,0.0,0.0,0.0,0.0,0.0,0.0,1.0
870,28.97,520,0.0,0.0,0.0,0.0,0.0,0.0,0.0,
870,28.97,7,0.0,0.0,0.0,0.0,0.0,0.0,0.0,
870,28.97,442,0.0,0.0,0.0,0.0,0.0,0.0,0.0,
870,28.97,534,0.0,0.0,0.0,0.0,0.0,0.0,0.0,
870,28.97,307,0.0,0.0,0.0,0.0,0.0,0.0,0.0,
880,29.3,1,40.47589572021443,1.0,0.0,0.0,1.0,0.0,0.0,
880,29.3,62,0.0,0.0,0.0,0.0,0.0,0.0,0.0,
880,29.3,6,0.0,0.0,0.0,0.0,0.0,0.0,0.0,
880,29.3,333,0.0,0.0,0.0,0.0,0.0,0.0,0.0,
880,29.3,342,0.0,0.0,0.0,0.0,0.0,0.0,0.0,
880,29.3,448,0.0,0.0,0.0,0.0,0.0,0.0,0.0,
880,29.3,10,0.0,0.0,0.0,0.0,0.0,0.0,0.0,0.0
880,29.3,4,0.0,0.0,0.0,0.0,0.0,0.0,0.0,1.0
880,29.3,292,0.0,0.0,0.0,0.0,0.0,0.0,0.0,0.0
880,29.3,470,0.0,0.0,0.0,0.0,0.0,0.0,0.0,1.0
880,29.3,520,0.0,0.0,0.0,0.0,0.0,0.0,0.0,
880,29.3,442,0.0,0.0,0.0,0.0,0.0,0.0,0.0,
880,29.3,307,0.0,0.0,0.0,0.0,0.0,0.0,0.0,
890,29.63,1,40.17661890661388,1.0,0.0,0.0,1.0,0.0,0.0,
890,29.63,62,0.0,0.0,0.0,0.0,0.0,0.0,0.0,
890,29.63,6,0.0,0.0,0.0,0.0,0.0,0.0,0.0,
890,29.63,342,0.0,0.0,0.0,0.0,0.0,0.0,0.0,
890,29.63,333,0.0,0.0,0.0,0.0,0.0,0.0,0.0,
890,29.63,448,0.0,0.0,0.0,0.0,0.0,0.0,0.0,
890,29.63,554,0.0,0.0,0.0,0.0,0.0,0.0,0.0,1.0
890,29.63,559,13.708677685950413,0.2727272727272727,0.0,0.0,0.2727272727272727,0.0,0.0,
890,29.63,10,0.0,0.0,0.0,0.0,0.0,0.0,0.0,0.0
890,29.63,292,0.0,0.0,0.0,0.0,0.0,0.0,0.0,1.0
890,29.63,4,0.0,0.0,0.0,0.0,0.0,0.0,0.0,1.0
890,29.63,470,0.0,0.0,0.0,0.0,0.0,0.0,0.0,1.0
890,29.63,520,0.0,0.0,0.0,0.0,0.0,0.0,0.0,
890,29.63,442,0.0,0.0,0.0,0.0,0.0,0.0,0.0,
890,29.63,307,0.0,0.0,0.0,0.0,0.0,0.0,0.0,
900,29.97,62,0.0,0.0,0.0,0.0,0.0,0.0,0.0,
900,29.97,6,0.0,0.0,0.0,0.0,0.0,0.0,0.0,
900,29.97,333,0.0,0.0,0.0,0.0,0.0,0.0,0.0,
900,29.97,448,0.0,0.0,0.0,0.0,0.0,0.0,0.0,
900,29.97,342,0.0,0.0,0.0,0.0,0.0,0.0,0.0,
900,29.97,554,0.0,0.0,0.0,0.0,0.0,0.0,0.0,1.0
900,29.97,366,0.0,0.0,0.0,0.0,0.0,0.0,0.0,
900,29.97,559,9.518398268398268,0.238095238095238,0.0,0.0,0.238095238095238,0.0,0.0,
900,29.97,10,0.0,0.0,0.0,0.0,0.0,0.0,0.0,0.0
900,29.97,292,0.0,0.0,0.0,0.0,0.0,0.0,0.0,1.0
900,29.97,4,0.0,0.0,0.0,0.0,0.0,0.0,0.0,1.0
900,29.97,470,0.0,0.0,0.0,0.0,0.0,0.0,0.0,1.0
900,29.97,520,0.0,0.0,0.0,0.0,0.0,0.0,0.0,
900,29.97,442,0.0,0.0,0.0,0.0,0.0,0.0,0.0,
900,29.97,307,0.0,0.0,0.0,0.0,0.0,0.0,0.0,
910,30.3,62,0.0,0.0,0.0,0.0,0.0,0.0,0.0,
910,30.3,6,0.0,0.0,0.0,0.0,0.0,0.0,0.0,
910,30.3,333,0.0,0.0,0.0,0.0,0.0,0.0,0.0,
910,30.3,448,0.0,0.0,0.0,0.0,0.0,0.0,0.0,
910,30.3,342,0.0,0.0,0.0,0.0,0.0,0.0,0.0,
910,30.3,559,14.0855183715715,0.4838709677419355,0.0,0.0,0.4838709677419355,0.0,0.0,
910,30.3,10,0.0,0.0,0.0,0.0,0.0,0.0,0.0,0.0
910,30.3,4,0.0,0.0,0.0,0.0,0.0,0.0,0.0,1.0
910,30.3,292,0.0,0.0,0.0,0.0,0.0,0.0,0.0,1.0
910,30.3,520,0.0,0.0,0.0,0.0,0.0,0.0,0.0,
910,30.3,470,0.0,0.0,0.0,0.0,0.0,0.0,0.0,1.0
910,30.3,442,0.0,0.0,0.0,0.0,0.0,0.0,0.0,
910,30.3,554,0.0,0.0,0.0,0.0,0.0,0.0,0.0,1.0
910,30.3,307,0.0,0.0,0.0,0.0,0.0,0.0,0.0,
920,30.63,62,0.0,0.0,0.0,0.0,0.0,0.0,0.0,
920,30.63,6,0.0,0.0,0.0,0.0,0.0,0.0,0.0,
920,30.63,333,0.0,0.0,0.0,0.0,0.0,0.0,0.0,
920,30.63,578,36.16454399063094,1.0,0.0,0.0,1.0,0.0,0.0,
920,30.63,342,0.0,0.0,0.0,0.0,0.0,0.0,0.0,
920,30.63,448,0.0,0.0,0.0,0.0,0.0,0.0,0.0,
920,30.63,10,0.0,0.0,0.0,0.0,0.0,0.0,0.0,0.0
920,30.63,559,15.262135341941653,0.5853658536585366,0.0,0.0,0.5853658536585366,0.0,0.0,
920,30.63,4,0.0,0.0,0.0,0.0,0.0,0.0,0.0,1.0
920,30.63,292,0.0,0.0,0.0,0.0,0.0,0.0,0.0,1.0
920,30.63,470,0.0,0.0,0.0,0.0,0.0,0.0,0.0,1.0
920,30.63,520,0.0,0.0,0.0,0.0,0.0,0.0,0.0,
920,30.63,534,0.0,0.0,0.0,0.0,0.0,0.0,0.0,
920,30.63,307,0.0,0.0,0.0,0.0,0.0,0.0,0.0,
930,30.97,62,0.0,0.0,0.0,0.0,0.0,0.0,0.0,
930,30.97,6,0.0,0.0,0.0,0.0,0.0,0.0,0.0,
930,30.97,366,0.0,0.0,0.0,0.0,0.0,0.0,0.0,
930,30.97,333,0.0,0.0,0.0,0.0,0.0,0.0,0.0,
930,30.97,448,0.0,0.0,0.0,0.0,0.0,0.0,0.0,
930,30.97,578,34.609363943129104,1.0,0.0,0.0,1.0,0.0,0.0,
930,30.97,4,0.0,0.0,0.0,0.0,0.0,0.0,0.0,1.0
930,30.97,10,0.0,0.0,0.0,0.0,0.0,0.0,0.0,0.0
930,30.97,342,0.0,0.0,0.0,0.0,0.0,0.0,0.0,
930,30.97,292,0.0,0.0,0.0,0.0,0.0,0.0,0.0,1.0
930,30.97,470,0.0,0.0,0.0,0.0,0.0,0.0,0.0,1.0
930,30.97,520,0.0,0.0,0.0,0.0,0.0,0.0,0.0,
930,30.97,7,0.0,0.0,0.0,0.0,0.0,0.0,0.0,
930,30.97,534,0.0,0.0,0.0,0.0,0.0,0.0,0.0,
930,30.97,307,0.0,0.0,0.0,0.0,0.0,0.0,0.0,
940,31.3,62,0.0,0.0,0.0,0.0,0.0,0.0,0.0,
940,31.3,366,0.0,0.0,0.0,0.0,0.0,0.0,0.0,
940,31.3,333,0.0,0.0,0.0,0.0,0.0,0.0,0.0,
940,31.3,448,0.0,0.0,0.0,0.0,0.0,0.0,0.0,
940,31.3,578,34.21015803093659,1.0,0.0,0.0,1.0,0.0,0.0,
940,31.3,342,0.0,0.0,0.0,0.0,0.0,0.0,0.0,
940,31.3,10,0.0,0.0,0.0,0.0,0.0,0.0,0.0,0.0
940,31.3,4,0.0,0.0,0.0,0.0,0.0,0.0,0.0,
940,31.3,292,0.0,0.0,0.0,0.0,0.0,0.0,0.0,1.0
940,31.3,470,0.0,0.0,0.0,0.0,0.0,0.0,0.0,1.0
940,31.3,520,0.0,0.0,0.0,0.0,0.0,0.0,0.0,
940,31.3,7,0.0,0.0,0.0,0.0,0.0,0.0,0.0,
940,31.3,534,0.0,0.0,0.0,0.0,0.0,0.0,0.0,
940,31.3,307,0.0,0.0,0.0,0.0,0.0,0.0,0.0,
950,31.63,62,0.0,0.0,0.0,0.0,0.0,0.0,0.0,
950,31.63,333,0.0,0.0,0.0,0.0,0.0,0.0,0.0,
950,31.63,578,34.29857683354481,1.0,0.0,0.0,1.0,0.0,0.0,
950,31.63,342,0.0,0.0,0.0,0.0,0.0,0.0,0.0,
950,31.63,448,0.0,0.0,0.0,0.0,0.0,0.0,0.0,
950,31.63,10,0.0,0.0,0.0,0.0,0.0,0.0,0.0,0.0
950,31.63,559,15.55517555859553,0.6046511627906976,0.0,0.0,0.6046511627906976,0.0,0.0,
950,31.63,4,0.0,0.0,0.0,0.0,0.0,0.0,0.0,
950,31.63,470,0.0,0.0,0.0,0.0,0.0,0.0,0.0,1.0
950,31.63,292,0.0,0.0,0.0,0.0,0.0,0.0,0.0,0.0
950,31.63,520,0.0,0.0,0.0,0.0,0.0,0.0,0.0,
950,31.63,534,0.0,0.0,0.0,0.0,0.0,0.0,0.0,
950,31.63,307,0.0,0.0,0.0,0.0,0.0,0.0,0.0,
960,31.97,593,42.05729234981369,1.0,0.0,0.0,0.0909090909090909,0.0,0.0,
960,31.97,62,0.0,0.0,0.0,0.0,0.0,0.0,0.0,
960,31.97,333,0.0,0.0,0.0,0.0,0.0,0.0,0.0,
960,31.97,578,34.4033765199743,1.0,0.0,0.0,1.0,0.0,0.0,
960,31.97,448,0.0,0.0,0.0,0.0,0.0,0.0,0.0,
960,31.97,342,0.0,0.0,0.0,0.0,0.0,0.0,0.0,
960,31.97,10,0.0,0.0,0.0,0.0,0.0,0.0,0.0,0.0
960,31.97,559,16.688633000369958,0.6792452830188679,0.0,0.0,0.6792452830188679,0.0,0.0,
960,31.97,4,0.0,0.0,0.0,0.0,0.0,0.0,0.0,
960,31.97,470,0.0,0.0,0.0,0.0,0.0,0.0,0.0,1.0
960,31.97,292,0.0,0.0,0.0,0.0,0.0,0.0,0.0,0.0
960,31.97,520,0.0,0.0,0.0,0.0,0.0,0.0,0.0,
960,31.97,534,0.0,0.0,0.0,0.0,0.0,0.0,0.0,
960,31.97,307,0.0,0.0,0.0,0.0,0.0,0.0,0.0,
970,32.3,593,42.09928532485386,1.0,0.0,0.0,0.5238095238095238,0.0,0.0,
970,32.3,62,0.0,0.0,0.0,0.0,0.0,0.0,0.0,
970,32.3,333,0.0,0.0,0.0,0.0,0.0,0.0,0.0,
970,32.3,578,34.38236540671359,1.0,0.0,0.0,1.0,0.0,0.0,
970,32.3,448,0.0,0.0,0.0,0.0,0.0,0.0,0.0,
970,32.3,342,0.0,0.0,0.0,0.0,0.0,0.0,0.0,
970,32.3,10,0.0,0.0,0.0,0.0,0.0,0.0,0.0,
970,32.3,4,0.0,0.0,0.0,0.0,0.0,0.0,0.0,
970,32.3,559,17.17120405509874,0.7142857142857143,0.0,0.0,0.7142857142857143,0.0,0.0,
970,32.3,470,0.0,0.0,0.0,0.0,0.0,0.0,0.0,
970,32.3,520,0.0,0.0,0.0,0.0,0.0,0.0,0.0,
970,32.3,292,0.0,0.0,0.0,0.0,0.0,0.0,0.0,0.0
970,32.3,307,0.0,0.0,0.0,0.0,0.0,0.0,0.0,
970,32.3,534,0.0,0.0,0.0,0.0,0.0,0.0,0.0,
980,32.63,593,41.82055336011612,1.0,0.0,0.0,0.6774193548387096,0.0,0.0,
980,32.63,62,0.0,0.0,0.0,0.0,0.0,0.0,0.0,
980,32.63,333,0.0,0.0,0.0,0.0,0.0,0.0,0.0,
980,32.63,578,34.44265517261657,1.0,0.0,0.0,1.0,0.0,0.0,
980,32.63,342,0.0,0.0,0.0,0.0,0.0,0.0,0.0,
980,32.63,448,0.0,0.0,0.0,0.0,0.0,0.0,0.0,
980,32.63,10,0.0,0.0,0.0,0.0,0.0,0.0,0.0,
980,32.63,4,0.0,0.0,0.0,0.0,0.0,0.0,0.0,
980,32.63,470,0.0,0.0,0.0,0.0,0.0,0.0,0.0,
980,32.63,520,0.0,0.0,0.0,0.0,0.0,0.0,0.0,
980,32.63,534,0.0,0.0,0.0,0.0,0.0,0.0,0.0,
980,32.63,292,0.0,0.0,0.0,0.0,0.0,0.0,0.0,
980,32.63,7,0.0,0.0,0.0,0.0,0.0,0.0,0.0,
980,32.63,307,0.0,0.0,0.0,0.0,0.0,0.0,0.0,
990,32.97,593,41.610937936811446,1.0,0.0,0.0,0.7560975609756098,0.0,0.0,
990,32.97,62,0.0,0.0,0.0,0.0,0.0,0.0,0.0,
990,32.97,578,34.59795562636816,1.0,0.0,0.0,1.0,0.0,0.0,
990,32.97,333,0.0,0.0,0.0,0.0,0.0,0.0,0.0,
990,32.97,448,0.0,0.0,0.0,0.0,0.0,0.0,0.0,
990,32.97,342,0.0,0.0,0.0,0.0,0.0,0.0,0.0,
990,32.97,10,0.0,0.0,0.0,0.0,0.0,0.0,0.0,
990,32.97,4,0.0,0.0,0.0,0.0,0.0,0.0,0.0,
990,32.97,470,0.0,0.0,0.0,0.0,0.0,0.0,0.0,
990,32.97,520,0.0,0.0,0.0,0.0,0.0,0.0,0.0,
990,32.97,534,0.0,0.0,0.0,0.0,0.0,0.0,0.0,
990,32.97,292,0.0,0.0,0.0,0.0,0.0,0.0,0.0,
990,32.97,7,0.0,0.0,0.0,0.0,0.0,0.0,0.0,
990,32.97,307,0.0,0.0,0.0,0.0,0.0,0.0,0.0,
1000,33.3,593,41.45097054135889,1.0,0.0,0.0,0.803921568627451,0.0,0.0,
1000,33.3,62,0.0,0.0,0.0,0.0,0.0,0.0,0.0,
1000,33.3,578,34.723984026309594,1.0,0.0,0.0,1.0,0.0,0.0,
1000,33.3,333,0.0,0.0,0.0,0.0,0.0,0.0,0.0,
1000,33.3,448,0.0,0.0,0.0,0.0,0.0,0.0,0.0,
1000,33.3,342,0.0,0.0,0.0,0.0,0.0,0.0,0.0,
1000,33.3,10,0.0,0.0,0.0,0.0,0.0,0.0,0.0,
1000,33.3,4,0.0,0.0,0.0,0.0,0.0,0.0,0.0,
1000,33.3,470,0.0,0.0,0.0,0.0,0.0,0.0,0.0,
1000,33.3,520,0.0,0.0,0.0,0.0,0.0,0.0,0.0,
1000,33.3,7,0.0,0.0,0.0,0.0,0.0,0.0,0.0,
1000,33.3,307,0.0,0.0,0.0,0.0,0.0,0.0,0.0,
1000,33.3,534,0.0,0.0,0.0,0.0,0.0,0.0,0.0,
